id,team_id,team,possession_team_id,x_adjusted,y_adjusted,team_direction,player_name,player_id,pitch_length,pitch_width,match_id,season
1256506933,6769,home_team,6769,59.70925747348119,43.13813813813815,left,abdussalam magashy,570514,103,66,5321419,2022
1256506933,6769,home_team,6769,85.225168756027,35.061861861861864,left,oscar johansson,258122,103,66,5321419,2022
1256506933,6769,home_team,6769,61.126808100289296,28.63963963963964,left,william kenndal,252439,103,66,5321419,2022
1256506933,6769,home_team,6769,78.91706846673095,43.41381381381381,left,marcus antonsson,50789,103,66,5321419,2022
1256506933,6769,home_team,6769,46.46528447444551,42.23963963963964,left,victor eriksson,570392,103,66,5321419,2022
1256506933,6769,home_team,6769,68.07280617164898,53.81801801801802,left,wenderson nascimento,487935,103,66,5321419,2022
1256506933,6769,home_team,6769,46.748794599807134,33.224024024024025,left,robin tihi,654790,103,66,5321419,2022
1256506933,6769,home_team,6769,52.34811957569914,47.41621621621621,left,francis vries,77272,103,66,5321419,2022
1256506933,6769,home_team,6769,52.77338476374156,16.94894894894895,left,victor larsson,582334,103,66,5321419,2022
1256506933,6769,home_team,6769,81.45853423336547,22.62582582582582,left,evaldo neto,259306,103,66,5321419,2022
1256506933,6769,home_team,6769,16.787849566055925,35.541741741741745,left,pilip vaitsiakhovich,73846,103,66,5321419,2022
1256506933,6766,away_team,6769,54.05930568948891,35.725525525525526,right,christian kouakou,51018,103,66,5321419,2022
1256506933,6766,away_team,6769,45.82738669238187,26.38318318318317,right,filip olsson,594168,103,66,5321419,2022
1256506933,6766,away_team,6769,29.292671166827382,28.72132132132132,right,filip rogic,51977,103,66,5321419,2022
1256506933,6766,away_team,6769,37.818225650916105,38.655855855855854,right,adam hellborg,347592,103,66,5321419,2022
1256506933,6766,away_team,6769,34.0718418514947,15.131531531531529,right,karl larson,53227,103,66,5321419,2022
1256506933,6766,away_team,6769,23.642719382835104,22.248048048048048,right,isak ssewankambo,236975,103,66,5321419,2022
1256506933,6766,away_team,6769,25.880424300867887,41.73933933933934,right,tim bjorkstrom,51218,103,66,5321419,2022
1256506933,6766,away_team,6769,45.766634522661526,16.050450450450455,right,aron bjarnason,272752,103,66,5321419,2022
1256506933,6766,away_team,6769,10.317743490838962,34.15315315315315,right,tommi vaiho,490666,103,66,5321419,2022
1256506933,6766,away_team,6769,35.813404050144655,64.27327327327328,right,laorent shabani,546328,103,66,5321419,2022
1256506933,6766,away_team,6769,44.2579556412729,23.01381381381381,right,jamie roche,568711,103,66,5321419,2022
1256508233,6769,home_team,6766,24.84763741562199,18.072072072072068,left,abdussalam magashy,570514,103,66,5321419,2022
1256508233,6769,home_team,6766,35.00337512054003,17.622822822822823,left,oscar johansson,258122,103,66,5321419,2022
1256508233,6769,home_team,6766,18.65091610414657,25.699099099099097,left,william kenndal,252439,103,66,5321419,2022
1256508233,6769,home_team,6766,41.77724204435873,32.672672672672675,left,marcus antonsson,50789,103,66,5321419,2022
1256508233,6769,home_team,6766,15.48167791706848,36.8996996996997,left,victor eriksson,570392,103,66,5321419,2022
1256508233,6769,home_team,6766,29.809064609450346,36.3891891891892,left,wenderson nascimento,487935,103,66,5321419,2022
1256508233,6769,home_team,6766,17.14223722275794,28.66006006006005,left,robin tihi,654790,103,66,5321419,2022
1256508233,6769,home_team,6766,17.213114754098356,42.9951951951952,left,francis vries,77272,103,66,5321419,2022
1256508233,6769,home_team,6766,29.960945033751216,29.487087087087087,left,victor larsson,582334,103,66,5321419,2022
1256508233,6769,home_team,6766,39.77242044358728,15.488888888888887,left,evaldo neto,259306,103,66,5321419,2022
1256508233,6769,home_team,6766,3.1084860173577624,34.132732732732734,left,pilip vaitsiakhovich,73846,103,66,5321419,2022
1256508233,6766,away_team,6766,90.7029893924783,25.88288288288288,right,christian kouakou,51018,103,66,5321419,2022
1256508233,6766,away_team,6766,86.3997107039537,40.30990990990991,right,filip olsson,594168,103,66,5321419,2022
1256508233,6766,away_team,6766,81.89392478302796,58.23903903903904,right,adam hellborg,347592,103,66,5321419,2022
1256508233,6766,away_team,6766,62.60511089681774,34.530930930930936,right,karl larson,53227,103,66,5321419,2022
1256508233,6766,away_team,6766,51.73047251687561,37.11411411411412,right,isak ssewankambo,236975,103,66,5321419,2022
1256508233,6766,away_team,6766,58.94985535197685,48.56996996996997,right,tim bjorkstrom,51218,103,66,5321419,2022
1256508233,6766,away_team,6766,80.23336547733848,18.5927927927928,right,aron bjarnason,272752,103,66,5321419,2022
1256508233,6766,away_team,6766,24.189488910318225,34.765765765765764,right,tommi vaiho,490666,103,66,5321419,2022
1256508233,6766,away_team,6766,73.70250723240116,38.53333333333333,right,laorent shabani,546328,103,66,5321419,2022
1256508233,6766,away_team,6766,88.47540983606557,48.52912912912913,right,jamie roche,568711,103,66,5321419,2022
1256507062,6769,home_team,6769,81.82304725168757,41.52492492492492,left,abdussalam magashy,570514,103,66,5321419,2022
1256507062,6769,home_team,6769,90.71311475409836,40.00360360360361,left,oscar johansson,258122,103,66,5321419,2022
1256507062,6769,home_team,6769,65.37945998071359,35.75615615615616,left,william kenndal,252439,103,66,5321419,2022
1256507062,6769,home_team,6769,88.22227579556413,32.50930930930931,left,marcus antonsson,50789,103,66,5321419,2022
1256507062,6769,home_team,6769,51.64946962391514,29.670870870870868,left,victor eriksson,570392,103,66,5321419,2022
1256507062,6769,home_team,6769,73.99614271938283,40.606006006006005,left,wenderson nascimento,487935,103,66,5321419,2022
1256507062,6769,home_team,6769,58.54484088717454,23.11591591591592,left,robin tihi,654790,103,66,5321419,2022
1256507062,6769,home_team,6769,69.76374156219865,48.56996996996997,left,francis vries,77272,103,66,5321419,2022
1256507062,6769,home_team,6769,64.51880424300867,22.360360360360364,left,victor larsson,582334,103,66,5321419,2022
1256507062,6769,home_team,6769,83.84811957569913,23.5039039039039,left,evaldo neto,259306,103,66,5321419,2022
1256507062,6769,home_team,6769,19.51157184185149,33.8978978978979,left,pilip vaitsiakhovich,73846,103,66,5321419,2022
1256507062,6766,away_team,6769,53.056894889103184,39.78918918918919,right,christian kouakou,51018,103,66,5321419,2022
1256507062,6766,away_team,6769,43.43780135004823,44.16936936936937,right,filip olsson,594168,103,66,5321419,2022
1256507062,6766,away_team,6769,21.637897782063643,33.867267267267266,right,filip rogic,51977,103,66,5321419,2022
1256507062,6766,away_team,6769,28.50289296046288,37.287687687687686,right,adam hellborg,347592,103,66,5321419,2022
1256507062,6766,away_team,6769,19.62295081967213,29.29309309309309,right,karl larson,53227,103,66,5321419,2022
1256507062,6766,away_team,6769,15.906943105110898,30.416216216216213,right,isak ssewankambo,236975,103,66,5321419,2022
1256507062,6766,away_team,6769,19.75458052073288,40.22822822822823,right,tim bjorkstrom,51218,103,66,5321419,2022
1256507062,6766,away_team,6769,31.094985535197686,21.70690690690691,right,aron bjarnason,272752,103,66,5321419,2022
1256507062,6766,away_team,6769,4.475409836065576,34.90870870870871,right,tommi vaiho,490666,103,66,5321419,2022
1256507062,6766,away_team,6769,19.562198649951785,39.87087087087088,right,laorent shabani,546328,103,66,5321419,2022
1256507062,6766,away_team,6769,25.7589199614272,31.192192192192195,right,jamie roche,568711,103,66,5321419,2022
1256507101,6769,home_team,6769,76.9831243972999,25.066066066066064,left,abdussalam magashy,570514,103,66,5321419,2022
1256507101,6769,home_team,6769,72.61909353905497,53.03183183183184,left,oscar johansson,258122,103,66,5321419,2022
1256507101,6769,home_team,6769,55.4059787849566,35.83783783783783,left,william kenndal,252439,103,66,5321419,2022
1256507101,6769,home_team,6769,92.66730954676952,32.9075075075075,left,marcus antonsson,50789,103,66,5321419,2022
1256507101,6769,home_team,6769,93.33558341369334,27.2,left,victor eriksson,570392,103,66,5321419,2022
1256507101,6769,home_team,6769,83.77724204435873,51.88828828828829,left,wenderson nascimento,487935,103,66,5321419,2022
1256507101,6769,home_team,6769,83.82786885245902,63.10930930930932,left,robin tihi,654790,103,66,5321419,2022
1256507101,6769,home_team,6769,87.45274831243972,52.81741741741742,left,francis vries,77272,103,66,5321419,2022
1256507101,6769,home_team,6769,64.65043394406943,38.01261261261261,left,victor larsson,582334,103,66,5321419,2022
1256507101,6769,home_team,6769,62.25072324011572,17.827027027027025,left,evaldo neto,259306,103,66,5321419,2022
1256507101,6769,home_team,6769,25.262777242044365,37.9003003003003,left,pilip vaitsiakhovich,73846,103,66,5321419,2022
1256507101,6766,away_team,6769,19.248312439729983,9.33213213213213,right,christian kouakou,51018,103,66,5321419,2022
1256507101,6766,away_team,6769,11.340405014464803,37.369369369369366,right,filip olsson,594168,103,66,5321419,2022
1256507101,6766,away_team,6769,14.975409836065571,19.47087087087087,right,filip rogic,51977,103,66,5321419,2022
1256507101,6766,away_team,6769,36.876567020250725,46.72192192192192,right,adam hellborg,347592,103,66,5321419,2022
1256507101,6766,away_team,6769,12.575699132111865,32.33573573573574,right,karl larson,53227,103,66,5321419,2022
1256507101,6766,away_team,6769,11.45178399228544,31.090090090090087,right,isak ssewankambo,236975,103,66,5321419,2022
1256507101,6766,away_team,6769,22.974445515911285,30.05885885885885,right,tim bjorkstrom,51218,103,66,5321419,2022
1256507101,6766,away_team,6769,21.21263259402122,17.541141141141132,right,aron bjarnason,272752,103,66,5321419,2022
1256507101,6766,away_team,6769,2.622468659594989,32.46846846846847,right,tommi vaiho,490666,103,66,5321419,2022
1256507101,6766,away_team,6769,16.43346190935391,35.623423423423425,right,laorent shabani,546328,103,66,5321419,2022
1256507101,6766,away_team,6769,16.47396335583414,26.944744744744742,right,jamie roche,568711,103,66,5321419,2022
1256507134,6769,home_team,6769,83.76711668273867,6.177177177177175,left,abdussalam magashy,570514,103,66,5321419,2022
1256507134,6769,home_team,6769,87.35149469623914,13.814414414414411,left,oscar johansson,258122,103,66,5321419,2022
1256507134,6769,home_team,6769,74.23915139826423,8.198798798798798,left,william kenndal,252439,103,66,5321419,2022
1256507134,6769,home_team,6769,85.93394406943105,33.19339339339339,left,marcus antonsson,50789,103,66,5321419,2022
1256507134,6769,home_team,6769,61.521697203471554,13.365165165165164,left,victor eriksson,570392,103,66,5321419,2022
1256507134,6769,home_team,6769,84.59739633558341,47.32432432432432,left,wenderson nascimento,487935,103,66,5321419,2022
1256507134,6769,home_team,6769,56.84378013500482,32.51951951951952,left,robin tihi,654790,103,66,5321419,2022
1256507134,6769,home_team,6769,70.74590163934425,33.2954954954955,left,francis vries,77272,103,66,5321419,2022
1256507134,6769,home_team,6769,69.60173577627774,3.236636636636635,left,victor larsson,582334,103,66,5321419,2022
1256507134,6769,home_team,6769,79.46383799421407,13.446846846846846,left,evaldo neto,259306,103,66,5321419,2022
1256507134,6769,home_team,6769,21.44551591128254,31.130930930930933,left,pilip vaitsiakhovich,73846,103,66,5321419,2022
1256507134,6766,away_team,6769,45.84763741562199,34.132732732732734,right,christian kouakou,51018,103,66,5321419,2022
1256507134,6766,away_team,6769,29.98119575699132,63.721921921921926,right,filip olsson,594168,103,66,5321419,2022
1256507134,6766,away_team,6769,22.923818707810995,54.30810810810811,right,filip rogic,51977,103,66,5321419,2022
1256507134,6766,away_team,6769,25.01976856316297,59.36216216216216,right,adam hellborg,347592,103,66,5321419,2022
1256507134,6766,away_team,6769,17.64850530376085,35.807207207207206,right,karl larson,53227,103,66,5321419,2022
1256507134,6766,away_team,6769,17.364995178399226,48.86606606606607,right,isak ssewankambo,236975,103,66,5321419,2022
1256507134,6766,away_team,6769,19.096432015429123,53.86906906906907,right,tim bjorkstrom,51218,103,66,5321419,2022
1256507134,6766,away_team,6769,19.43056894889104,27.8024024024024,right,aron bjarnason,272752,103,66,5321419,2022
1256507134,6766,away_team,6769,6.206846673095471,36.7057057057057,right,tommi vaiho,490666,103,66,5321419,2022
1256507134,6766,away_team,6769,28.2092574734812,60.23003003003004,right,laorent shabani,546328,103,66,5321419,2022
1256507134,6766,away_team,6769,26.20443587270974,41.86186186186186,right,jamie roche,568711,103,66,5321419,2022
1256507135,6769,home_team,6769,82.69382835101254,7.892492492492489,left,abdussalam magashy,570514,103,66,5321419,2022
1256507135,6769,home_team,6769,86.15670202507232,13.599999999999998,left,oscar johansson,258122,103,66,5321419,2022
1256507135,6769,home_team,6769,73.1152362584378,10.404204204204204,left,william kenndal,252439,103,66,5321419,2022
1256507135,6769,home_team,6769,84.85053037608486,33.65285285285285,left,marcus antonsson,50789,103,66,5321419,2022
1256507135,6769,home_team,6769,61.72420443587272,14.375975975975976,left,victor eriksson,570392,103,66,5321419,2022
1256507135,6769,home_team,6769,83.56460945033751,47.61021021021021,left,wenderson nascimento,487935,103,66,5321419,2022
1256507135,6769,home_team,6769,56.47926711668274,33.14234234234234,left,robin tihi,654790,103,66,5321419,2022
1256507135,6769,home_team,6769,69.90549662487946,31.815015015015017,left,francis vries,77272,103,66,5321419,2022
1256507135,6769,home_team,6769,67.61716489874638,4.431231231231227,left,victor larsson,582334,103,66,5321419,2022
1256507135,6769,home_team,6769,77.9450337512054,14.488288288288288,left,evaldo neto,259306,103,66,5321419,2022
1256507135,6769,home_team,6769,21.36451301832209,31.386186186186187,left,pilip vaitsiakhovich,73846,103,66,5321419,2022
1256507135,6766,away_team,6769,45.91851494696239,33.8978978978979,right,christian kouakou,51018,103,66,5321419,2022
1256507135,6766,away_team,6769,27.024590163934427,41.22882882882882,right,filip olsson,594168,103,66,5321419,2022
1256507135,6766,away_team,6769,24.675506268081005,56.003003003003,right,filip rogic,51977,103,66,5321419,2022
1256507135,6766,away_team,6769,25.323529411764707,57.00360360360361,right,adam hellborg,347592,103,66,5321419,2022
1256507135,6766,away_team,6769,18.19527483124397,35.43963963963964,right,karl larson,53227,103,66,5321419,2022
1256507135,6766,away_team,6769,18.286403085824496,46.803603603603605,right,isak ssewankambo,236975,103,66,5321419,2022
1256507135,6766,away_team,6769,19.88621022179364,54.58378378378379,right,tim bjorkstrom,51218,103,66,5321419,2022
1256507135,6766,away_team,6769,20.311475409836067,27.975975975975977,right,aron bjarnason,272752,103,66,5321419,2022
1256507135,6766,away_team,6769,6.733365477338475,36.460660660660665,right,tommi vaiho,490666,103,66,5321419,2022
1256507135,6766,away_team,6769,28.18900675024108,57.95315315315315,right,laorent shabani,546328,103,66,5321419,2022
1256507135,6766,away_team,6769,31.34811957569913,61.7003003003003,right,jamie roche,568711,103,66,5321419,2022
1256506428,6769,home_team,6766,22.33654773384764,18.837837837837835,left,abdussalam magashy,570514,103,66,5321419,2022
1256506428,6769,home_team,6766,23.68322082931533,2.7363363363363327,left,oscar johansson,258122,103,66,5321419,2022
1256506428,6769,home_team,6766,23.197203471552555,5.983183183183179,left,william kenndal,252439,103,66,5321419,2022
1256506428,6769,home_team,6766,49.857280617164896,20.461261261261264,left,marcus antonsson,50789,103,66,5321419,2022
1256506428,6769,home_team,6766,16.37270973963355,23.452852852852853,left,victor eriksson,570392,103,66,5321419,2022
1256506428,6769,home_team,6766,28.43201542912246,35.17417417417417,left,wenderson nascimento,487935,103,66,5321419,2022
1256506428,6769,home_team,6766,16.61571841851496,15.294894894894892,left,robin tihi,654790,103,66,5321419,2022
1256506428,6769,home_team,6766,15.572806171648992,31.375975975975976,left,francis vries,77272,103,66,5321419,2022
1256506428,6769,home_team,6766,38.9218900675024,10.210210210210208,left,evaldo neto,259306,103,66,5321419,2022
1256506428,6769,home_team,6766,2.8553519768563262,32.78498498498499,left,pilip vaitsiakhovich,73846,103,66,5321419,2022
1256506428,6766,away_team,6766,88.4450337512054,37.4,right,christian kouakou,51018,103,66,5321419,2022
1256506428,6766,away_team,6766,71.4546769527483,47.722522522522524,right,filip olsson,594168,103,66,5321419,2022
1256506428,6766,away_team,6766,81.08389585342334,62.43543543543544,right,filip rogic,51977,103,66,5321419,2022
1256506428,6766,away_team,6766,74.08727097396336,66.30510510510511,right,adam hellborg,347592,103,66,5321419,2022
1256506428,6766,away_team,6766,55.68948891031822,43.30150150150151,right,karl larson,53227,103,66,5321419,2022
1256506428,6766,away_team,6766,48.53085824493732,49.82582582582583,right,isak ssewankambo,236975,103,66,5321419,2022
1256506428,6766,away_team,6766,58.56509161041466,62.74174174174174,right,tim bjorkstrom,51218,103,66,5321419,2022
1256506428,6766,away_team,6766,75.4946962391514,26.51591591591591,right,aron bjarnason,272752,103,66,5321419,2022
1256506428,6766,away_team,6766,21.060752169720345,40.88168168168168,right,tommi vaiho,490666,103,66,5321419,2022
1256506428,6766,away_team,6766,79.9599807135969,64.38558558558559,right,laorent shabani,546328,103,66,5321419,2022
1256506428,6766,away_team,6766,86.63259402121504,46.15015015015015,right,jamie roche,568711,103,66,5321419,2022
1256507242,6769,home_team,6769,59.38524590163934,60.5975975975976,left,abdussalam magashy,570514,103,66,5321419,2022
1256507242,6769,home_team,6769,63.58727097396335,47.54894894894895,left,oscar johansson,258122,103,66,5321419,2022
1256507242,6769,home_team,6769,55.092092574734814,51.08168168168169,left,william kenndal,252439,103,66,5321419,2022
1256507242,6769,home_team,6769,73.21648987463837,41.4024024024024,left,marcus antonsson,50789,103,66,5321419,2022
1256507242,6769,home_team,6769,46.46528447444551,56.15615615615616,left,victor eriksson,570392,103,66,5321419,2022
1256507242,6769,home_team,6769,69.29797492767598,60.91411411411411,left,wenderson nascimento,487935,103,66,5321419,2022
1256507242,6769,home_team,6769,46.22227579556412,48.651651651651655,left,robin tihi,654790,103,66,5321419,2022
1256507242,6769,home_team,6769,56.16538090646095,61.057057057057065,left,francis vries,77272,103,66,5321419,2022
1256507242,6769,home_team,6769,50.27242044358727,32.917717717717714,left,victor larsson,582334,103,66,5321419,2022
1256507242,6769,home_team,6769,71.81918997107039,24.198198198198195,left,evaldo neto,259306,103,66,5321419,2022
1256507242,6769,home_team,6769,15.066538090646103,40.45285285285285,left,pilip vaitsiakhovich,73846,103,66,5321419,2022
1256507242,6766,away_team,6769,54.20106075216972,9.52612612612613,right,christian kouakou,51018,103,66,5321419,2022
1256507242,6766,away_team,6769,48.00433944069431,13.242642642642643,right,filip olsson,594168,103,66,5321419,2022
1256507242,6766,away_team,6769,38.2029893924783,20.379579579579577,right,filip rogic,51977,103,66,5321419,2022
1256507242,6766,away_team,6769,44.01494696239151,29.507507507507512,right,adam hellborg,347592,103,66,5321419,2022
1256507242,6766,away_team,6769,34.81099324975892,8.831831831831835,right,karl larson,53227,103,66,5321419,2022
1256507242,6766,away_team,6769,28.847155255544845,20.1957957957958,right,isak ssewankambo,236975,103,66,5321419,2022
1256507242,6766,away_team,6769,30.17357762777242,33.509909909909915,right,tim bjorkstrom,51218,103,66,5321419,2022
1256507242,6766,away_team,6769,44.764223722275794,6.360960960960959,right,aron bjarnason,272752,103,66,5321419,2022
1256507242,6766,away_team,6769,11.553037608486022,31.141141141141148,right,tommi vaiho,490666,103,66,5321419,2022
1256507242,6766,away_team,6769,33.82883317261331,47.7021021021021,right,laorent shabani,546328,103,66,5321419,2022
1256507242,6766,away_team,6769,46.28302796528448,7.657657657657651,right,jamie roche,568711,103,66,5321419,2022
1256506440,6769,home_team,6766,53.02651880424301,47.4978978978979,left,abdussalam magashy,570514,103,66,5321419,2022
1256506440,6769,home_team,6766,57.18804243008679,42.84204204204204,left,oscar johansson,258122,103,66,5321419,2022
1256506440,6769,home_team,6766,50.76856316297011,35.83783783783783,left,william kenndal,252439,103,66,5321419,2022
1256506440,6769,home_team,6766,70.21938283510124,38.15555555555556,left,marcus antonsson,50789,103,66,5321419,2022
1256506440,6769,home_team,6766,37.514464802314365,48.34534534534534,left,victor eriksson,570392,103,66,5321419,2022
1256506440,6769,home_team,6766,61.90646094503375,58.892492492492494,left,wenderson nascimento,487935,103,66,5321419,2022
1256506440,6769,home_team,6766,38.577627772420456,39.44204204204205,left,robin tihi,654790,103,66,5321419,2022
1256506440,6769,home_team,6766,45.01735776277724,58.16756756756757,left,francis vries,77272,103,66,5321419,2022
1256506440,6769,home_team,6766,41.169720347155256,28.79279279279279,left,victor larsson,582334,103,66,5321419,2022
1256506440,6769,home_team,6766,60.549662487946,24.524924924924925,left,evaldo neto,259306,103,66,5321419,2022
1256506440,6769,home_team,6766,11.299903567984586,35.00060060060059,left,pilip vaitsiakhovich,73846,103,66,5321419,2022
1256506440,6766,away_team,6766,65.71359691417551,15.529729729729723,right,christian kouakou,51018,103,66,5321419,2022
1256506440,6766,away_team,6766,48.40935390549662,28.649849849849844,right,filip olsson,594168,103,66,5321419,2022
1256506440,6766,away_team,6766,39.31677917068466,23.72852852852853,right,filip rogic,51977,103,66,5321419,2022
1256506440,6766,away_team,6766,50.20154291224686,37.97177177177177,right,adam hellborg,347592,103,66,5321419,2022
1256506440,6766,away_team,6766,38.87126325940212,13.252852852852854,right,karl larson,53227,103,66,5321419,2022
1256506440,6766,away_team,6766,33.88958534233365,25.739939939939937,right,isak ssewankambo,236975,103,66,5321419,2022
1256506440,6766,away_team,6766,36.248794599807134,36.76696696696697,right,tim bjorkstrom,51218,103,66,5321419,2022
1256506440,6766,away_team,6766,52.44937319189972,7.484084084084088,right,aron bjarnason,272752,103,66,5321419,2022
1256506440,6766,away_team,6766,14.378013500482163,32.550150150150145,right,tommi vaiho,490666,103,66,5321419,2022
1256506440,6766,away_team,6766,51.17357762777242,48.93753753753754,right,laorent shabani,546328,103,66,5321419,2022
1256506440,6766,away_team,6766,48.53085824493732,9.41381381381381,right,jamie roche,568711,103,66,5321419,2022
1256507264,6769,home_team,6769,57.998071359691416,39.70750750750752,left,abdussalam magashy,570514,103,66,5321419,2022
1256507264,6769,home_team,6769,92.49517839922854,39.207207207207205,left,oscar johansson,258122,103,66,5321419,2022
1256507264,6769,home_team,6769,58.24108003857281,33.43843843843844,left,william kenndal,252439,103,66,5321419,2022
1256507264,6769,home_team,6769,90.87512054001928,31.74354354354354,left,marcus antonsson,50789,103,66,5321419,2022
1256507264,6769,home_team,6769,54.545323047251685,40.16696696696697,left,victor eriksson,570392,103,66,5321419,2022
1256507264,6769,home_team,6769,80.87126325940213,44.496096096096096,left,wenderson nascimento,487935,103,66,5321419,2022
1256507264,6769,home_team,6769,52.95564127290261,32.376576576576575,left,robin tihi,654790,103,66,5321419,2022
1256507264,6769,home_team,6769,75.53519768563163,53.93033033033033,left,francis vries,77272,103,66,5321419,2022
1256507264,6769,home_team,6769,58.40308582449373,22.41141141141141,left,victor larsson,582334,103,66,5321419,2022
1256507264,6769,home_team,6769,77.874156219865,29.9975975975976,left,evaldo neto,259306,103,66,5321419,2022
1256507264,6769,home_team,6769,19.106557377049185,36.74654654654655,left,pilip vaitsiakhovich,73846,103,66,5321419,2022
1256507264,6766,away_team,6769,20.95949855351977,24.47387387387387,right,christian kouakou,51018,103,66,5321419,2022
1256507264,6766,away_team,6769,51.23432979749277,33.35675675675675,right,filip olsson,594168,103,66,5321419,2022
1256507264,6766,away_team,6769,20.98987463837994,28.38438438438439,right,filip rogic,51977,103,66,5321419,2022
1256507264,6766,away_team,6769,45.16923818707811,38.63543543543544,right,adam hellborg,347592,103,66,5321419,2022
1256507264,6766,away_team,6769,17.85101253616201,25.18858858858858,right,karl larson,53227,103,66,5321419,2022
1256507264,6766,away_team,6769,12.464320154291226,30.589789789789783,right,isak ssewankambo,236975,103,66,5321419,2022
1256507264,6766,away_team,6769,15.117164898746385,38.23723723723724,right,tim bjorkstrom,51218,103,66,5321419,2022
1256507264,6766,away_team,6769,29.73818707810993,19.327927927927924,right,aron bjarnason,272752,103,66,5321419,2022
1256507264,6766,away_team,6769,3.959016393442627,32.14174174174174,right,tommi vaiho,490666,103,66,5321419,2022
1256507264,6766,away_team,6769,35.73240115718419,47.07927927927928,right,laorent shabani,546328,103,66,5321419,2022
1256507264,6766,away_team,6769,18.448408871745418,31.621021021021026,right,jamie roche,568711,103,66,5321419,2022
1368461910,6709,home_team,6711,54.50472589792061,37.29,left,anders christiansen,56259,105,68,5321563,2022
1368461910,6709,home_team,6711,26.0812854442344,39.17,left,dennis hadzikadunic,344444,105,68,5321563,2022
1368461910,6709,home_team,6711,25.198015122873343,33.18,left,lasse nielsen,56382,105,68,5321563,2022
1368461910,6709,home_team,6711,36.23393194706995,37.44,left,moustafa zeidan,347597,105,68,5321563,2022
1368461910,6709,home_team,6711,51.27930056710776,15.45,left,jo berget,54544,105,68,5321563,2022
1368461910,6709,home_team,6711,27.7882797731569,49.97,left,niklas moisander,77,105,68,5321563,2022
1368461910,6709,home_team,6711,31.708412098298663,23.52,left,felix beijmo,347591,105,68,5321563,2022
1368461910,6709,home_team,6711,5.50803402646504,34.61,left,ismael diawara,226488,105,68,5321563,2022
1368461910,6709,home_team,6711,53.75047258979206,37.44,left,isaac thelin,51262,105,68,5321563,2022
1368461910,6709,home_team,6711,58.375236294896034,57.11,left,veljko birmancevic,418949,105,68,5321563,2022
1368461910,6709,home_team,6711,30.88468809073724,30.61,left,erdal rakip,258141,105,68,5321563,2022
1368461910,6711,away_team,6711,73.20226843100188,37.4,right,oliver berg,207246,105,68,5321563,2022
1368461910,6711,away_team,6711,54.38563327032136,34.67,right,carl gustafsson,581488,105,68,5321563,2022
1368461910,6711,away_team,6711,53.09546313799623,41.08,right,david olafsson,328268,105,68,5321563,2022
1368461910,6711,away_team,6711,67.1086956521739,33.11,right,lars saetra,54718,105,68,5321563,2022
1368461910,6711,away_team,6711,50.64413988657845,25.62,right,rasmus sjostedt,50858,105,68,5321563,2022
1368461910,6711,away_team,6711,57.16446124763705,52.65,right,johan karlsson,54211,105,68,5321563,2022
1368461910,6711,away_team,6711,16.315689981096412,33.83,right,ricardo friedrich,292251,105,68,5321563,2022
1368461910,6711,away_team,6711,67.62476370510396,20.980000000000004,right,nahom netabay,252428,105,68,5321563,2022
1368461910,6711,away_team,6711,55.78497164461248,14.120000000000005,right,filip sachpekidis,264870,105,68,5321563,2022
1368461910,6711,away_team,6711,71.63421550094517,12.420000000000002,right,noah shamoun,589702,105,68,5321563,2022
1368461910,6711,away_team,6711,77.09262759924385,28.39,right,isak bjerkebo,619318,105,68,5321563,2022
1368461911,6709,home_team,6711,52.94659735349717,38.81,left,anders christiansen,56259,105,68,5321563,2022
1368461911,6709,home_team,6711,27.31190926275993,39.49,left,dennis hadzikadunic,344444,105,68,5321563,2022
1368461911,6709,home_team,6711,24.30482041587904,34.99000000000001,left,lasse nielsen,56382,105,68,5321563,2022
1368461911,6709,home_team,6711,35.9461247637051,37.19,left,moustafa zeidan,347597,105,68,5321563,2022
1368461911,6709,home_team,6711,47.57750472589792,15.75,left,jo berget,54544,105,68,5321563,2022
1368461911,6709,home_team,6711,25.99196597353496,49.78,left,niklas moisander,77,105,68,5321563,2022
1368461911,6709,home_team,6711,29.296786389413995,25.29,left,felix beijmo,347591,105,68,5321563,2022
1368461911,6709,home_team,6711,5.240075614366731,34.89,left,ismael diawara,226488,105,68,5321563,2022
1368461911,6709,home_team,6711,52.36105860113422,37.93,left,isaac thelin,51262,105,68,5321563,2022
1368461911,6709,home_team,6711,55.89413988657845,57.41,left,veljko birmancevic,418949,105,68,5321563,2022
1368461911,6709,home_team,6711,29.50519848771266,32.92,left,erdal rakip,258141,105,68,5321563,2022
1368461911,6711,away_team,6711,76.61625708884688,34.96,right,oliver berg,207246,105,68,5321563,2022
1368461911,6711,away_team,6711,55.62618147448015,34.59,right,carl gustafsson,581488,105,68,5321563,2022
1368461911,6711,away_team,6711,54.3062381852552,41.55,right,david olafsson,328268,105,68,5321563,2022
1368461911,6711,away_team,6711,67.69423440453687,32.52,right,lars saetra,54718,105,68,5321563,2022
1368461911,6711,away_team,6711,51.61672967863894,25.19,right,rasmus sjostedt,50858,105,68,5321563,2022
1368461911,6711,away_team,6711,61.18383742911153,53.54,right,johan karlsson,54211,105,68,5321563,2022
1368461911,6711,away_team,6711,16.305765595463143,33.84,right,ricardo friedrich,292251,105,68,5321563,2022
1368461911,6711,away_team,6711,69.41115311909262,21.08,right,nahom netabay,252428,105,68,5321563,2022
1368461911,6711,away_team,6711,59.92344045368621,12.879999999999995,right,filip sachpekidis,264870,105,68,5321563,2022
1368461911,6711,away_team,6711,74.27410207939508,11.739999999999997,right,noah shamoun,589702,105,68,5321563,2022
1368461911,6711,away_team,6711,76.18950850661625,29.380000000000003,right,isak bjerkebo,619318,105,68,5321563,2022
1368461913,6709,home_team,6711,48.29206049149338,42.63,left,anders christiansen,56259,105,68,5321563,2022
1368461913,6709,home_team,6711,23.07419659735349,42.7,left,dennis hadzikadunic,344444,105,68,5321563,2022
1368461913,6709,home_team,6711,20.34499054820415,37.29,left,lasse nielsen,56382,105,68,5321563,2022
1368461913,6709,home_team,6711,30.180056710775048,40.99,left,moustafa zeidan,347597,105,68,5321563,2022
1368461913,6709,home_team,6711,38.36767485822307,17.760000000000005,left,jo berget,54544,105,68,5321563,2022
1368461913,6709,home_team,6711,20.225897920604908,50.64,left,niklas moisander,77,105,68,5321563,2022
1368461913,6709,home_team,6711,22.73676748582232,28.79,left,felix beijmo,347591,105,68,5321563,2022
1368461913,6709,home_team,6711,3.731568998109651,36.16,left,ismael diawara,226488,105,68,5321563,2022
1368461913,6709,home_team,6711,49.39366729678639,38.96,left,isaac thelin,51262,105,68,5321563,2022
1368461913,6709,home_team,6711,49.03638941398866,57.54,left,veljko birmancevic,418949,105,68,5321563,2022
1368461913,6709,home_team,6711,27.1828922495274,40.01,left,erdal rakip,258141,105,68,5321563,2022
1368461913,6711,away_team,6711,83.58317580340264,37.84,right,oliver berg,207246,105,68,5321563,2022
1368461913,6711,away_team,6711,58.47448015122873,33.87,right,carl gustafsson,581488,105,68,5321563,2022
1368461913,6711,away_team,6711,57.47211720226843,42.01,right,david olafsson,328268,105,68,5321563,2022
1368461913,6711,away_team,6711,66.52315689981096,30.04,right,lars saetra,54718,105,68,5321563,2022
1368461913,6711,away_team,6711,53.70085066162571,23.32,right,rasmus sjostedt,50858,105,68,5321563,2022
1368461913,6711,away_team,6711,69.58979206049149,54.03,right,johan karlsson,54211,105,68,5321563,2022
1368461913,6711,away_team,6711,17.099716446124766,33.69,right,ricardo friedrich,292251,105,68,5321563,2022
1368461913,6711,away_team,6711,73.54962192816636,19.94,right,nahom netabay,252428,105,68,5321563,2022
1368461913,6711,away_team,6711,71.60444234404537,12.680000000000009,right,filip sachpekidis,264870,105,68,5321563,2022
1368461913,6711,away_team,6711,80.32797731568998,9.909999999999997,right,noah shamoun,589702,105,68,5321563,2022
1368461913,6711,away_team,6711,80.12948960302458,29.11,right,isak bjerkebo,619318,105,68,5321563,2022
1368461917,6709,home_team,6711,33.48487712665407,46.38,left,anders christiansen,56259,105,68,5321563,2022
1368461917,6709,home_team,6711,13.298676748582224,42.13,left,dennis hadzikadunic,344444,105,68,5321563,2022
1368461917,6709,home_team,6711,12.8421550094518,34.37,left,lasse nielsen,56382,105,68,5321563,2022
1368461917,6709,home_team,6711,16.782136105860104,46.02,left,moustafa zeidan,347597,105,68,5321563,2022
1368461917,6709,home_team,6711,16.49432892249527,24.83,left,jo berget,54544,105,68,5321563,2022
1368461917,6709,home_team,6711,14.172022684310022,53.04,left,niklas moisander,77,105,68,5321563,2022
1368461917,6709,home_team,6711,13.983459357277894,31.6,left,felix beijmo,347591,105,68,5321563,2022
1368461917,6709,home_team,6711,2.252835538752379,35.37,left,ismael diawara,226488,105,68,5321563,2022
1368461917,6709,home_team,6711,43.13137996219282,39.18,left,isaac thelin,51262,105,68,5321563,2022
1368461917,6709,home_team,6711,37.33553875236295,58.79,left,veljko birmancevic,418949,105,68,5321563,2022
1368461917,6709,home_team,6711,18.62807183364841,42.6,left,erdal rakip,258141,105,68,5321563,2022
1368461917,6711,away_team,6711,83.632797731569,35.15,right,oliver berg,207246,105,68,5321563,2022
1368461917,6711,away_team,6711,69.01417769376182,31.73,right,carl gustafsson,581488,105,68,5321563,2022
1368461917,6711,away_team,6711,69.20274102079394,41.17,right,david olafsson,328268,105,68,5321563,2022
1368461917,6711,away_team,6711,60.06238185255199,27.51,right,lars saetra,54718,105,68,5321563,2022
1368461917,6711,away_team,6711,63.843572778827976,16.400000000000006,right,rasmus sjostedt,50858,105,68,5321563,2022
1368461917,6711,away_team,6711,86.2726843100189,49.39,right,johan karlsson,54211,105,68,5321563,2022
1368461917,6711,away_team,6711,23.06427221172023,32.79,right,ricardo friedrich,292251,105,68,5321563,2022
1368461917,6711,away_team,6711,81.70746691871456,20.120000000000005,right,nahom netabay,252428,105,68,5321563,2022
1368461917,6711,away_team,6711,94.3015122873346,22.9,right,filip sachpekidis,264870,105,68,5321563,2022
1368461917,6711,away_team,6711,89.62712665406427,9.019999999999996,right,noah shamoun,589702,105,68,5321563,2022
1368461917,6711,away_team,6711,92.19754253308128,37.83,right,isak bjerkebo,619318,105,68,5321563,2022
1368461918,6709,home_team,6711,28.899810964083187,45.85,left,anders christiansen,56259,105,68,5321563,2022
1368461918,6709,home_team,6711,15.00567107750473,39.82,left,dennis hadzikadunic,344444,105,68,5321563,2022
1368461918,6709,home_team,6711,15.00567107750473,32.66,left,lasse nielsen,56382,105,68,5321563,2022
1368461918,6709,home_team,6711,20.48393194706996,39.39,left,moustafa zeidan,347597,105,68,5321563,2022
1368461918,6709,home_team,6711,16.375236294896027,22.93,left,jo berget,54544,105,68,5321563,2022
1368461918,6709,home_team,6711,16.474480151228732,46.18,left,niklas moisander,77,105,68,5321563,2022
1368461918,6709,home_team,6711,20.73204158790172,36.01,left,felix beijmo,347591,105,68,5321563,2022
1368461918,6709,home_team,6711,1.71691871455576,35.15,left,ismael diawara,226488,105,68,5321563,2022
1368461918,6709,home_team,6711,41.94045368620038,38.82,left,isaac thelin,51262,105,68,5321563,2022
1368461918,6709,home_team,6711,36.90879017013232,59.24,left,veljko birmancevic,418949,105,68,5321563,2022
1368461918,6709,home_team,6711,22.32986767485822,42.3,left,erdal rakip,258141,105,68,5321563,2022
1368461918,6711,away_team,6711,79.42485822306237,29.950000000000003,right,oliver berg,207246,105,68,5321563,2022
1368461918,6711,away_team,6711,73.5992438563327,32.86,right,carl gustafsson,581488,105,68,5321563,2022
1368461918,6711,away_team,6711,72.83506616257088,42.29,right,david olafsson,328268,105,68,5321563,2022
1368461918,6711,away_team,6711,59.53638941398866,28.200000000000003,right,lars saetra,54718,105,68,5321563,2022
1368461918,6711,away_team,6711,64.3100189035917,16.739999999999995,right,rasmus sjostedt,50858,105,68,5321563,2022
1368461918,6711,away_team,6711,86.79867674858222,54.260000000000005,right,johan karlsson,54211,105,68,5321563,2022
1368461918,6711,away_team,6711,23.33223062381853,32.71,right,ricardo friedrich,292251,105,68,5321563,2022
1368461918,6711,away_team,6711,85.58790170132325,23.230000000000004,right,nahom netabay,252428,105,68,5321563,2022
1368461918,6711,away_team,6711,89.28969754253308,26.090000000000003,right,filip sachpekidis,264870,105,68,5321563,2022
1368461918,6711,away_team,6711,87.50330812854443,9.54,right,noah shamoun,589702,105,68,5321563,2022
1368461918,6711,away_team,6711,88.74385633270322,39.59,right,isak bjerkebo,619318,105,68,5321563,2022
1368462109,6709,home_team,6709,86.64981096408317,27.190000000000005,left,anders christiansen,56259,105,68,5321563,2022
1368462109,6709,home_team,6709,59.90359168241966,39.11,left,dennis hadzikadunic,344444,105,68,5321563,2022
1368462109,6709,home_team,6709,61.09451795841209,17.14,left,lasse nielsen,56382,105,68,5321563,2022
1368462109,6709,home_team,6709,87.11625708884688,18.22,left,moustafa zeidan,347597,105,68,5321563,2022
1368462109,6709,home_team,6709,85.82608695652173,17.12,left,jo berget,54544,105,68,5321563,2022
1368462109,6709,home_team,6709,74.86956521739131,52.59,left,niklas moisander,77,105,68,5321563,2022
1368462109,6709,home_team,6709,73.24196597353497,7.07,left,felix beijmo,347591,105,68,5321563,2022
1368462109,6709,home_team,6709,29.14792060491493,34.06,left,ismael diawara,226488,105,68,5321563,2022
1368462109,6709,home_team,6709,87.24527410207939,37.31,left,isaac thelin,51262,105,68,5321563,2022
1368462109,6709,home_team,6709,79.54395085066162,41.43,left,veljko birmancevic,418949,105,68,5321563,2022
1368462109,6709,home_team,6709,73.78780718336483,16.5,left,erdal rakip,258141,105,68,5321563,2022
1368462109,6711,away_team,6709,29.167769376181475,59.71,right,oliver berg,207246,105,68,5321563,2022
1368462109,6711,away_team,6709,26.03166351606805,50.48,right,carl gustafsson,581488,105,68,5321563,2022
1368462109,6711,away_team,6709,17.36767485822307,48.84,right,david olafsson,328268,105,68,5321563,2022
1368462109,6711,away_team,6709,15.5515122873346,38.3,right,lars saetra,54718,105,68,5321563,2022
1368462109,6711,away_team,6709,17.40737240075615,32.94,right,rasmus sjostedt,50858,105,68,5321563,2022
1368462109,6711,away_team,6709,18.628071833648395,53.870000000000005,right,johan karlsson,54211,105,68,5321563,2022
1368462109,6711,away_team,6709,5.319470699432898,34.76,right,ricardo friedrich,292251,105,68,5321563,2022
1368462109,6711,away_team,6709,24.086483931947072,40.6,right,nahom netabay,252428,105,68,5321563,2022
1368462109,6711,away_team,6709,18.776937618147457,26.65,right,filip sachpekidis,264870,105,68,5321563,2022
1368462109,6711,away_team,6709,27.123345935727794,20.340000000000003,right,noah shamoun,589702,105,68,5321563,2022
1368462109,6711,away_team,6709,35.25141776937619,48.8,right,isak bjerkebo,619318,105,68,5321563,2022
1368462114,6709,home_team,6709,56.56899810964084,31.85,left,anders christiansen,56259,105,68,5321563,2022
1368462114,6709,home_team,6709,35.261342155009444,26.08,left,dennis hadzikadunic,344444,105,68,5321563,2022
1368462114,6709,home_team,6709,45.15595463137996,13.77,left,lasse nielsen,56382,105,68,5321563,2022
1368462114,6709,home_team,6709,61.13421550094518,16.7,left,moustafa zeidan,347597,105,68,5321563,2022
1368462114,6709,home_team,6709,49.08601134215502,2.9200000000000017,left,jo berget,54544,105,68,5321563,2022
1368462114,6709,home_team,6709,38.774574669187146,37.0,left,niklas moisander,77,105,68,5321563,2022
1368462114,6709,home_team,6709,37.04773156899812,6.469999999999999,left,felix beijmo,347591,105,68,5321563,2022
1368462114,6709,home_team,6709,14.549149338374278,30.81,left,ismael diawara,226488,105,68,5321563,2022
1368462114,6709,home_team,6709,69.13327032136107,27.55,left,isaac thelin,51262,105,68,5321563,2022
1368462114,6709,home_team,6709,66.08648393194707,40.81,left,veljko birmancevic,418949,105,68,5321563,2022
1368462114,6709,home_team,6709,50.922022684310015,14.27,left,erdal rakip,258141,105,68,5321563,2022
1368462114,6711,away_team,6709,54.33601134215501,61.86,right,oliver berg,207246,105,68,5321563,2022
1368462114,6711,away_team,6709,49.274574669187146,55.7,right,carl gustafsson,581488,105,68,5321563,2022
1368462114,6711,away_team,6709,37.57372400756144,51.73,right,david olafsson,328268,105,68,5321563,2022
1368462114,6711,away_team,6709,34.794896030245745,43.79,right,lars saetra,54718,105,68,5321563,2022
1368462114,6711,away_team,6709,35.688090737240074,39.49,right,rasmus sjostedt,50858,105,68,5321563,2022
1368462114,6711,away_team,6709,40.07466918714557,56.69,right,johan karlsson,54211,105,68,5321563,2022
1368462114,6711,away_team,6709,11.810018903591688,38.99,right,ricardo friedrich,292251,105,68,5321563,2022
1368462114,6711,away_team,6709,50.316635160680526,45.8,right,nahom netabay,252428,105,68,5321563,2022
1368462114,6711,away_team,6709,38.54631379962193,30.05,right,filip sachpekidis,264870,105,68,5321563,2022
1368462114,6711,away_team,6709,63.66493383742911,31.03,right,noah shamoun,589702,105,68,5321563,2022
1368462114,6711,away_team,6709,63.0992438563327,57.54,right,isak bjerkebo,619318,105,68,5321563,2022
1368462115,6709,home_team,6709,70.74102079395084,40.31,left,anders christiansen,56259,105,68,5321563,2022
1368462115,6709,home_team,6709,43.93525519848772,30.31,left,dennis hadzikadunic,344444,105,68,5321563,2022
1368462115,6709,home_team,6709,48.16304347826088,16.93,left,lasse nielsen,56382,105,68,5321563,2022
1368462115,6709,home_team,6709,70.70132325141776,19.2,left,moustafa zeidan,347597,105,68,5321563,2022
1368462115,6709,home_team,6709,55.06049149338374,5.43,left,jo berget,54544,105,68,5321563,2022
1368462115,6709,home_team,6709,50.71361058601135,42.58,left,niklas moisander,77,105,68,5321563,2022
1368462115,6709,home_team,6709,45.23534971644613,8.54,left,felix beijmo,347591,105,68,5321563,2022
1368462115,6709,home_team,6709,18.13185255198489,32.23,left,ismael diawara,226488,105,68,5321563,2022
1368462115,6709,home_team,6709,86.26275992438563,31.82,left,isaac thelin,51262,105,68,5321563,2022
1368462115,6709,home_team,6709,84.24810964083176,46.36,left,veljko birmancevic,418949,105,68,5321563,2022
1368462115,6709,home_team,6709,59.98298676748582,19.21,left,erdal rakip,258141,105,68,5321563,2022
1368462115,6711,away_team,6709,47.62712665406427,59.36,right,oliver berg,207246,105,68,5321563,2022
1368462115,6711,away_team,6709,37.57372400756144,49.18,right,carl gustafsson,581488,105,68,5321563,2022
1368462115,6711,away_team,6709,23.778827977315693,45.46,right,david olafsson,328268,105,68,5321563,2022
1368462115,6711,away_team,6709,19.84877126654065,37.61,right,lars saetra,54718,105,68,5321563,2022
1368462115,6711,away_team,6709,18.459357277882805,31.72,right,rasmus sjostedt,50858,105,68,5321563,2022
1368462115,6711,away_team,6709,29.68383742911153,50.75,right,johan karlsson,54211,105,68,5321563,2022
1368462115,6711,away_team,6709,6.768431001890366,32.78,right,ricardo friedrich,292251,105,68,5321563,2022
1368462115,6711,away_team,6709,34.82466918714556,37.02,right,nahom netabay,252428,105,68,5321563,2022
1368462115,6711,away_team,6709,20.573251417769377,23.730000000000004,right,filip sachpekidis,264870,105,68,5321563,2022
1368462115,6711,away_team,6709,50.44565217391305,27.1,right,noah shamoun,589702,105,68,5321563,2022
1368462115,6711,away_team,6709,58.90122873345936,51.42,right,isak bjerkebo,619318,105,68,5321563,2022
1368462127,6709,home_team,6709,59.33790170132325,32.92,left,anders christiansen,56259,105,68,5321563,2022
1368462127,6709,home_team,6709,52.47022684310019,37.41,left,dennis hadzikadunic,344444,105,68,5321563,2022
1368462127,6709,home_team,6709,52.9664461247637,27.58,left,lasse nielsen,56382,105,68,5321563,2022
1368462127,6709,home_team,6709,70.63185255198488,26.61,left,moustafa zeidan,347597,105,68,5321563,2022
1368462127,6709,home_team,6709,72.94423440453686,18.94,left,jo berget,54544,105,68,5321563,2022
1368462127,6709,home_team,6709,54.95132325141777,46.73,left,niklas moisander,77,105,68,5321563,2022
1368462127,6709,home_team,6709,63.82372400756143,5.59,left,felix beijmo,347591,105,68,5321563,2022
1368462127,6709,home_team,6709,20.761814744801512,33.1,left,ismael diawara,226488,105,68,5321563,2022
1368462127,6709,home_team,6709,75.3062381852552,37.61,left,isaac thelin,51262,105,68,5321563,2022
1368462127,6709,home_team,6709,74.11531190926276,56.2,left,veljko birmancevic,418949,105,68,5321563,2022
1368462127,6709,home_team,6709,56.55907372400757,25.86,left,erdal rakip,258141,105,68,5321563,2022
1368462127,6711,away_team,6709,41.66257088846881,45.71,right,oliver berg,207246,105,68,5321563,2022
1368462127,6711,away_team,6709,37.08742911153119,35.05,right,carl gustafsson,581488,105,68,5321563,2022
1368462127,6711,away_team,6709,29.15784499054821,44.96,right,david olafsson,328268,105,68,5321563,2022
1368462127,6711,away_team,6709,31.142722117202272,39.84,right,lars saetra,54718,105,68,5321563,2022
1368462127,6711,away_team,6709,30.27930056710776,32.02,right,rasmus sjostedt,50858,105,68,5321563,2022
1368462127,6711,away_team,6709,29.58459357277883,49.47,right,johan karlsson,54211,105,68,5321563,2022
1368462127,6711,away_team,6709,8.43572778827978,34.01,right,ricardo friedrich,292251,105,68,5321563,2022
1368462127,6711,away_team,6709,42.58553875236294,37.85,right,nahom netabay,252428,105,68,5321563,2022
1368462127,6711,away_team,6709,29.11814744801513,24.6,right,filip sachpekidis,264870,105,68,5321563,2022
1368462127,6711,away_team,6709,43.38941398865785,25.22,right,noah shamoun,589702,105,68,5321563,2022
1368462127,6711,away_team,6709,49.37381852551985,41.13,right,isak bjerkebo,619318,105,68,5321563,2022
1368462129,6709,home_team,6709,80.1890359168242,32.76,left,anders christiansen,56259,105,68,5321563,2022
1368462129,6709,home_team,6709,56.97589792060491,35.43,left,dennis hadzikadunic,344444,105,68,5321563,2022
1368462129,6709,home_team,6709,55.76512287334593,25.21,left,lasse nielsen,56382,105,68,5321563,2022
1368462129,6709,home_team,6709,82.84877126654064,19.83,left,moustafa zeidan,347597,105,68,5321563,2022
1368462129,6709,home_team,6709,87.30482041587902,26.36,left,jo berget,54544,105,68,5321563,2022
1368462129,6709,home_team,6709,67.06899810964083,44.8,left,niklas moisander,77,105,68,5321563,2022
1368462129,6709,home_team,6709,76.96361058601134,7.09,left,felix beijmo,347591,105,68,5321563,2022
1368462129,6709,home_team,6709,26.369092627599244,33.58,left,ismael diawara,226488,105,68,5321563,2022
1368462129,6709,home_team,6709,88.93241965973534,37.6,left,isaac thelin,51262,105,68,5321563,2022
1368462129,6709,home_team,6709,83.89083175803403,48.94,left,veljko birmancevic,418949,105,68,5321563,2022
1368462129,6709,home_team,6709,67.20793950850661,25.18,left,erdal rakip,258141,105,68,5321563,2022
1368462129,6711,away_team,6709,26.180529300567112,55.370000000000005,right,oliver berg,207246,105,68,5321563,2022
1368462129,6711,away_team,6709,21.635160680529303,48.05,right,carl gustafsson,581488,105,68,5321563,2022
1368462129,6711,away_team,6709,16.355387523629492,45.89,right,david olafsson,328268,105,68,5321563,2022
1368462129,6711,away_team,6709,16.236294896030252,38.38,right,lars saetra,54718,105,68,5321563,2022
1368462129,6711,away_team,6709,15.40264650283554,33.19,right,rasmus sjostedt,50858,105,68,5321563,2022
1368462129,6711,away_team,6709,25.00945179584121,59.08,right,johan karlsson,54211,105,68,5321563,2022
1368462129,6711,away_team,6709,5.1110586011342205,34.14,right,ricardo friedrich,292251,105,68,5321563,2022
1368462129,6711,away_team,6709,26.5874291115312,37.71,right,nahom netabay,252428,105,68,5321563,2022
1368462129,6711,away_team,6709,17.655482041587906,27.24,right,filip sachpekidis,264870,105,68,5321563,2022
1368462129,6711,away_team,6709,27.95699432892249,27.06,right,noah shamoun,589702,105,68,5321563,2022
1368462129,6711,away_team,6709,40.83884688090737,41.77,right,isak bjerkebo,619318,105,68,5321563,2022
1720110143,6736,home_team,6766,39.51351419021269,38.5136231884058,right,samuel gustafson,252473,105,68,5420815,2023
1720110143,6736,home_team,6766,64.31790583257177,33.398840579710146,right,srdjan hrstic,676584,105,68,5420815,2023
1720110143,6736,home_team,6766,48.563765194857226,27.613913043478263,right,abdulrazaq ishaq,553319,105,68,5420815,2023
1720110143,6736,home_team,6766,50.23973760312472,44.16057971014493,right,akoua amane,806885,105,68,5420815,2023
1720110143,6736,home_team,6766,32.5335820428398,33.58608695652174,right,franklin uchenna,777804,105,68,5420815,2023
1720110143,6736,home_team,6766,32.129376932610576,45.54028985507247,right,even hovland,54538,105,68,5420815,2023
1720110143,6736,home_team,6766,50.34818287660085,18.419130434782613,right,ibrahim sadiq,541608,105,68,5420815,2023
1720110143,6736,home_team,6766,36.22072134102832,20.19304347826087,right,simon sandberg,169221,105,68,5420815,2023
1720110143,6736,home_team,6766,30.926620263148003,56.8736231884058,right,valgeir fridriksson,516113,105,68,5420815,2023
1720110143,6736,home_team,6766,12.2937505477034,33.448115942028984,right,peter abrahamsson,50935,105,68,5420815,2023
1720110143,6736,home_team,6766,60.216702762928925,49.53159420289856,right,amor layouni,53649,105,68,5420815,2023
1720110143,6766,away_team,6766,59.0928153832672,31.28,left,tashreeq matthews,530443,105,68,5420815,2023
1720110143,6766,away_team,6766,48.356733309130064,33.724057971014496,left,joeri kamps,51,105,68,5420815,2023
1720110143,6766,away_team,6766,42.97390428022385,27.160579710144926,left,henrik castegren,329511,105,68,5420815,2023
1720110143,6766,away_team,6766,57.85062406890422,20.03536231884058,left,daniel stensson,332628,105,68,5420815,2023
1720110143,6766,away_team,6766,54.33108201154246,45.38260869565217,left,melker heier,678625,105,68,5420815,2023
1720110143,6766,away_team,6766,68.35009827363888,16.901449275362317,left,joakim persson,640395,105,68,5420815,2023
1720110143,6766,away_team,6766,29.743580916135656,33.251014492753626,left,malcolm jeng,899799,105,68,5420815,2023
1720110143,6766,away_team,6766,55.32680679527786,48.61507246376812,left,dennis widgren,51631,105,68,5420815,2023
1720110143,6766,away_team,6766,44.05835701498516,13.935072463768115,left,tobias carlsson,338997,105,68,5420815,2023
1720110143,6766,away_team,6766,9.809367918977458,34.64057971014493,left,david nilsson,53133,105,68,5420815,2023
1720110143,6766,away_team,6766,67.14734160417632,7.7165217391304335,left,jakob persson,569305,105,68,5420815,2023
1720110210,6736,home_team,6766,18.859618923621984,41.94318840579711,right,samuel gustafson,252473,105,68,5420815,2023
1720110210,6736,home_team,6766,45.37941761914897,34.315362318840585,right,srdjan hrstic,676584,105,68,5420815,2023
1720110210,6736,home_team,6766,21.59046808297551,36.2568115942029,right,abdulrazaq ishaq,553319,105,68,5420815,2023
1720110210,6736,home_team,6766,18.494848458293166,47.7872463768116,right,akoua amane,806885,105,68,5420815,2023
1720110210,6736,home_team,6766,15.24149025400919,34.59130434782609,right,franklin uchenna,777804,105,68,5420815,2023
1720110210,6736,home_team,6766,17.252657143930193,45.16579710144928,right,even hovland,54538,105,68,5420815,2023
1720110210,6736,home_team,6766,36.191145357353,22.36115942028986,right,ibrahim sadiq,541608,105,68,5420815,2023
1720110210,6736,home_team,6766,16.217497715294385,28.776811594202904,right,simon sandberg,169221,105,68,5420815,2023
1720110210,6736,home_team,6766,13.595093829416992,50.60579710144928,right,valgeir fridriksson,516113,105,68,5420815,2023
1720110210,6736,home_team,6766,3.9138885063658777,33.990144927536235,right,peter abrahamsson,50935,105,68,5420815,2023
1720110210,6736,home_team,6766,37.827683120720096,54.60695652173913,right,amor layouni,53649,105,68,5420815,2023
1720110210,6766,away_team,6766,79.28335357227807,32.59072463768116,left,tashreeq matthews,530443,105,68,5420815,2023
1720110210,6766,away_team,6766,77.72568509871179,34.75884057971015,left,joeri kamps,51,105,68,5420815,2023
1720110210,6766,away_team,6766,57.24924573417294,29.23014492753624,left,henrik castegren,329511,105,68,5420815,2023
1720110210,6766,away_team,6766,76.3750485108727,22.86376811594203,left,daniel stensson,332628,105,68,5420815,2023
1720110210,6766,away_team,6766,84.79434519711063,21.66144927536232,left,melker heier,678625,105,68,5420815,2023
1720110210,6766,away_team,6766,89.78282777701274,29.318840579710145,left,joakim persson,640395,105,68,5420815,2023
1720110210,6766,away_team,6766,64.1010152856195,42.08115942028986,left,malcolm jeng,899799,105,68,5420815,2023
1720110210,6766,away_team,6766,84.6760412624094,48.85159420289855,left,dennis widgren,51631,105,68,5420815,2023
1720110210,6766,away_team,6766,62.92783459983225,13.54086956521739,left,tobias carlsson,338997,105,68,5420815,2023
1720110210,6766,away_team,6766,20.89050313599319,33.9704347826087,left,david nilsson,53133,105,68,5420815,2023
1720110210,6766,away_team,6766,89.06314550758023,4.109565217391307,left,jakob persson,569305,105,68,5420815,2023
1720109864,6736,home_team,6736,61.02511298338737,24.775652173913045,right,samuel gustafson,252473,105,68,5420815,2023
1720109864,6736,home_team,6736,75.43847569448793,22.538550724637684,right,srdjan hrstic,676584,105,68,5420815,2023
1720109864,6736,home_team,6736,79.27349491105296,15.975072463768118,right,abdulrazaq ishaq,553319,105,68,5420815,2023
1720109864,6736,home_team,6736,72.39214937593111,35.45855072463768,right,akoua amane,806885,105,68,5420815,2023
1720109864,6736,home_team,6736,50.979137195007446,18.73449275362319,right,franklin uchenna,777804,105,68,5420815,2023
1720109864,6736,home_team,6736,51.17631041950951,33.871884057971016,right,even hovland,54538,105,68,5420815,2023
1720109864,6736,home_team,6736,80.3973822907147,1.3698550724637688,right,ibrahim sadiq,541608,105,68,5420815,2023
1720109864,6736,home_team,6736,72.3625733922558,9.115942028985508,right,simon sandberg,169221,105,68,5420815,2023
1720109864,6736,home_team,6736,59.67447639554828,46.782028985507246,right,valgeir fridriksson,516113,105,68,5420815,2023
1720109864,6736,home_team,6736,19.27368269507631,30.69855072463768,right,peter abrahamsson,50935,105,68,5420815,2023
1720109864,6736,home_team,6736,79.74671064985792,39.57797101449275,right,amor layouni,53649,105,68,5420815,2023
1720109864,6766,away_team,6736,51.54108088483832,35.94144927536232,left,tashreeq matthews,530443,105,68,5420815,2023
1720109864,6766,away_team,6736,27.249339626184607,50.31014492753623,left,joeri kamps,51,105,68,5420815,2023
1720109864,6766,away_team,6736,21.511598793174688,44.446376811594206,left,henrik castegren,329511,105,68,5420815,2023
1720109864,6766,away_team,6736,31.9026277244332,35.01507246376812,left,daniel stensson,332628,105,68,5420815,2023
1720109864,6766,away_team,6736,35.224996557292904,46.634202898550726,left,melker heier,678625,105,68,5420815,2023
1720109864,6766,away_team,6736,34.278565079683005,56.883478260869566,left,joakim persson,640395,105,68,5420815,2023
1720109864,6766,away_team,6736,20.64403660536562,52.32057971014493,left,malcolm jeng,899799,105,68,5420815,2023
1720109864,6766,away_team,6736,21.422870842148747,61.74202898550725,left,dennis widgren,51631,105,68,5420815,2023
1720109864,6766,away_team,6736,21.6200440666508,33.58608695652174,left,tobias carlsson,338997,105,68,5420815,2023
1720109864,6766,away_team,6736,5.2842424166551965,36.22724637681159,left,david nilsson,53133,105,68,5420815,2023
1720109864,6766,away_team,6736,23.68050426269732,27.180289855072463,left,jakob persson,569305,105,68,5420815,2023
1720109865,6736,home_team,6736,61.18285156298902,24.6968115942029,right,samuel gustafson,252473,105,68,5420815,2023
1720109865,6736,home_team,6736,75.50748632306363,22.44,right,srdjan hrstic,676584,105,68,5420815,2023
1720109865,6736,home_team,6736,79.51010278045545,16.05391304347826,right,abdulrazaq ishaq,553319,105,68,5420815,2023
1720109865,6736,home_team,6736,72.55974661675785,35.3895652173913,right,akoua amane,806885,105,68,5420815,2023
1720109865,6736,home_team,6736,51.1467344358342,18.74434782608696,right,franklin uchenna,777804,105,68,5420815,2023
1720109865,6736,home_team,6736,51.29461435421075,33.89159420289855,right,even hovland,54538,105,68,5420815,2023
1720109865,6736,home_team,6736,80.50582756419084,1.3994202898550745,right,ibrahim sadiq,541608,105,68,5420815,2023
1720109865,6736,home_team,6736,72.55974661675785,9.17507246376812,right,simon sandberg,169221,105,68,5420815,2023
1720109865,6736,home_team,6736,59.86179095882522,46.70318840579711,right,valgeir fridriksson,516113,105,68,5420815,2023
1720109865,6736,home_team,6736,19.34269332365203,30.68869565217392,right,peter abrahamsson,50935,105,68,5420815,2023
1720109865,6736,home_team,6736,79.97345985803528,39.42028985507247,right,amor layouni,53649,105,68,5420815,2023
1720109865,6766,away_team,6736,51.39320096646178,35.971014492753625,left,tashreeq matthews,530443,105,68,5420815,2023
1720109865,6766,away_team,6736,27.13103569148336,50.26086956521739,left,joeri kamps,51,105,68,5420815,2023
1720109865,6766,away_team,6736,21.40315351969854,44.54492753623189,left,henrik castegren,329511,105,68,5420815,2023
1720109865,6766,away_team,6736,31.715313161156253,35.20231884057971,left,daniel stensson,332628,105,68,5420815,2023
1720109865,6766,away_team,6736,34.98838868789043,46.6736231884058,left,melker heier,678625,105,68,5420815,2023
1720109865,6766,away_team,6736,34.02223988783035,56.84405797101449,left,joakim persson,640395,105,68,5420815,2023
1720109865,6766,away_team,6736,20.506015348214166,52.27130434782609,left,malcolm jeng,899799,105,68,5420815,2023
1720109865,6766,away_team,6736,21.30456690744752,61.66318840579711,left,dennis widgren,51631,105,68,5420815,2023
1720109865,6766,away_team,6736,21.45244682582407,33.59594202898551,left,tobias carlsson,338997,105,68,5420815,2023
1720109865,6766,away_team,6736,5.264525094204977,36.246956521739136,left,david nilsson,53133,105,68,5420815,2023
1720109865,6766,away_team,6736,23.48333103819528,27.337971014492755,left,jakob persson,569305,105,68,5420815,2023
1720109866,6736,home_team,6736,66.90087507354875,24.312463768115943,right,samuel gustafson,252473,105,68,5420815,2023
1720109866,6736,home_team,6736,79.58897207025626,21.2968115942029,right,srdjan hrstic,676584,105,68,5420815,2023
1720109866,6736,home_team,6736,84.6563239399592,21.56289855072464,right,abdulrazaq ishaq,553319,105,68,5420815,2023
1720109866,6736,home_team,6736,79.0566043641007,33.32985507246377,right,akoua amane,806885,105,68,5420815,2023
1720109866,6736,home_team,6736,57.02249652599557,19.966376811594195,right,franklin uchenna,777804,105,68,5420815,2023
1720109866,6736,home_team,6736,56.22394496676223,35.12347826086957,right,even hovland,54538,105,68,5420815,2023
1720109866,6736,home_team,6736,84.06480426645302,5.577971014492751,right,ibrahim sadiq,541608,105,68,5420815,2023
1720109866,6736,home_team,6736,78.66225791509659,8.869565217391305,right,simon sandberg,169221,105,68,5420815,2023
1720109866,6736,home_team,6736,67.25578687765245,44.34782608695652,right,valgeir fridriksson,516113,105,68,5420815,2023
1720109866,6736,home_team,6736,21.43272950337385,30.99420289855073,right,peter abrahamsson,50935,105,68,5420815,2023
1720109866,6736,home_team,6736,87.11113058500983,34.84753623188406,right,amor layouni,53649,105,68,5420815,2023
1720109866,6766,away_team,6736,45.19210305587201,36.87768115942029,left,tashreeq matthews,530443,105,68,5420815,2023
1720109866,6766,away_team,6736,23.69036292392244,45.45159420289855,left,joeri kamps,51,105,68,5420815,2023
1720109866,6766,away_team,6736,18.307533895016213,45.55014492753623,left,henrik castegren,329511,105,68,5420815,2023
1720109866,6766,away_team,6736,24.380469209679653,40.96753623188406,left,daniel stensson,332628,105,68,5420815,2023
1720109866,6766,away_team,6736,27.308491593535223,47.49159420289856,left,melker heier,678625,105,68,5420815,2023
1720109866,6766,away_team,6736,25.89870303834549,53.46376811594203,left,joakim persson,640395,105,68,5420815,2023
1720109866,6766,away_team,6736,16.651278809198907,47.14666666666668,left,malcolm jeng,899799,105,68,5420815,2023
1720109866,6766,away_team,6736,16.55269219694788,56.35130434782608,left,dennis widgren,51631,105,68,5420815,2023
1720109866,6766,away_team,6736,16.542833535722778,35.379710144927536,left,tobias carlsson,338997,105,68,5420815,2023
1720109866,6766,away_team,6736,4.022333779842009,36.60173913043479,left,david nilsson,53133,105,68,5420815,2023
1720109866,6766,away_team,6736,16.41467093979644,32.176811594202896,left,jakob persson,569305,105,68,5420815,2023
1720109873,6736,home_team,6736,65.59953179183516,42.83014492753623,right,samuel gustafson,252473,105,68,5420815,2023
1720109873,6736,home_team,6736,84.92250779303697,37.804057971014494,right,srdjan hrstic,676584,105,68,5420815,2023
1720109873,6736,home_team,6736,74.62020681280437,48.62492753623189,right,abdulrazaq ishaq,553319,105,68,5420815,2023
1720109873,6736,home_team,6736,79.96360119681017,42.40637681159421,right,akoua amane,806885,105,68,5420815,2023
1720109873,6736,home_team,6736,60.630766534383255,27.594202898550726,right,franklin uchenna,777804,105,68,5420815,2023
1720109873,6736,home_team,6736,61.4588940772919,53.52289855072464,right,even hovland,54538,105,68,5420815,2023
1720109873,6736,home_team,6736,83.3254046745703,30.73797101449276,right,ibrahim sadiq,541608,105,68,5420815,2023
1720109873,6736,home_team,6736,72.95409306576197,14.910724637681156,right,simon sandberg,169221,105,68,5420815,2023
1720109873,6736,home_team,6736,77.56794651911015,58.066086956521744,right,valgeir fridriksson,516113,105,68,5420815,2023
1720109873,6736,home_team,6736,24.94241289951051,35.586666666666666,right,peter abrahamsson,50935,105,68,5420815,2023
1720109873,6736,home_team,6736,83.55215388274766,62.34318840579711,right,amor layouni,53649,105,68,5420815,2023
1720109873,6766,away_team,6736,31.616726548905223,25.613333333333333,left,tashreeq matthews,530443,105,68,5420815,2023
1720109873,6766,away_team,6736,26.233897519999,22.67652173913044,left,joeri kamps,51,105,68,5420815,2023
1720109873,6766,away_team,6736,17.923046107237194,28.599420289855072,left,henrik castegren,329511,105,68,5420815,2023
1720109873,6766,away_team,6736,27.308491593535223,19.59188405797102,left,daniel stensson,332628,105,68,5420815,2023
1720109873,6766,away_team,6736,26.13531090774797,36.20753623188406,left,melker heier,678625,105,68,5420815,2023
1720109873,6766,away_team,6736,33.36170958574844,32.69913043478261,left,joakim persson,640395,105,68,5420815,2023
1720109873,6766,away_team,6736,19.924354335933096,35.16289855072464,left,malcolm jeng,899799,105,68,5420815,2023
1720109873,6766,away_team,6736,20.358135429837617,41.154782608695655,left,dennis widgren,51631,105,68,5420815,2023
1720109873,6766,away_team,6736,18.84976026239688,20.88289855072464,left,tobias carlsson,338997,105,68,5420815,2023
1720109873,6766,away_team,6736,4.081485747192626,33.54666666666667,left,david nilsson,53133,105,68,5420815,2023
1720109873,6766,away_team,6736,19.31311733997672,12.634202898550726,left,jakob persson,569305,105,68,5420815,2023
1720110296,6736,home_team,6766,44.99492983136994,44.79130434782609,right,samuel gustafson,252473,105,68,5420815,2023
1720110296,6736,home_team,6766,62.14900036304912,49.708985507246375,right,srdjan hrstic,676584,105,68,5420815,2023
1720110296,6736,home_team,6766,51.29461435421075,46.072463768115945,right,abdulrazaq ishaq,553319,105,68,5420815,2023
1720110296,6736,home_team,6766,47.03567270496627,34.4336231884058,right,akoua amane,806885,105,68,5420815,2023
1720110296,6736,home_team,6766,38.73467995342956,41.02666666666667,right,franklin uchenna,777804,105,68,5420815,2023
1720110296,6736,home_team,6766,37.778389814594576,48.11246376811594,right,even hovland,54538,105,68,5420815,2023
1720110296,6736,home_team,6766,57.25910439539804,27.28869565217392,right,ibrahim sadiq,541608,105,68,5420815,2023
1720110296,6736,home_team,6766,39.37549293306125,21.828985507246376,right,simon sandberg,169221,105,68,5420815,2023
1720110296,6736,home_team,6766,38.54736539015261,57.3368115942029,right,valgeir fridriksson,516113,105,68,5420815,2023
1720110296,6736,home_team,6766,12.402195821179532,34.344927536231886,right,peter abrahamsson,50935,105,68,5420815,2023
1720110296,6736,home_team,6766,49.91440178269633,56.60753623188406,right,amor layouni,53649,105,68,5420815,2023
1720110296,6766,away_team,6766,67.0881896368257,14.605217391304349,left,tashreeq matthews,530443,105,68,5420815,2023
1720110296,6766,away_team,6766,48.4553199213811,25.38666666666667,left,joeri kamps,51,105,68,5420815,2023
1720110296,6766,away_team,6766,36.87139298188512,19.867826086956523,left,henrik castegren,329511,105,68,5420815,2023
1720110296,6766,away_team,6766,55.38595876262848,11.08695652173913,left,daniel stensson,332628,105,68,5420815,2023
1720110296,6766,away_team,6766,58.294263824033855,49.94550724637681,left,melker heier,678625,105,68,5420815,2023
1720110296,6766,away_team,6766,65.7079770653113,22.88347826086957,left,joakim persson,640395,105,68,5420815,2023
1720110296,6766,away_team,6766,40.53881495762341,39.14434782608696,left,malcolm jeng,899799,105,68,5420815,2023
1720110296,6766,away_team,6766,57.68302682807747,65.05333333333333,left,dennis widgren,51631,105,68,5420815,2023
1720110296,6766,away_team,6766,39.158602386109,7.884057971014493,left,tobias carlsson,338997,105,68,5420815,2023
1720110296,6766,away_team,6766,14.56124262947708,30.14666666666667,left,david nilsson,53133,105,68,5420815,2023
1720110296,6766,away_team,6766,64.36719913869727,0.9953623188405778,left,jakob persson,569305,105,68,5420815,2023
1720110334,6736,home_team,6766,50.4862041337523,35.98086956521739,right,samuel gustafson,252473,105,68,5420815,2023
1720110334,6736,home_team,6766,66.12204083676562,36.67072463768116,right,srdjan hrstic,676584,105,68,5420815,2023
1720110334,6736,home_team,6766,53.4930958074087,25.3768115942029,right,abdulrazaq ishaq,553319,105,68,5420815,2023
1720110334,6736,home_team,6766,61.70536060791949,42.77101449275362,right,akoua amane,806885,105,68,5420815,2023
1720110334,6736,home_team,6766,44.63015936604114,30.45217391304348,right,franklin uchenna,777804,105,68,5420815,2023
1720110334,6736,home_team,6766,43.42740269657857,42.01217391304348,right,even hovland,54538,105,68,5420815,2023
1720110334,6736,home_team,6766,66.35864870616808,23.02144927536232,right,ibrahim sadiq,541608,105,68,5420815,2023
1720110334,6736,home_team,6766,45.54701485997572,16.32985507246377,right,simon sandberg,169221,105,68,5420815,2023
1720110334,6736,home_team,6766,43.64429324353084,56.12463768115943,right,valgeir fridriksson,516113,105,68,5420815,2023
1720110334,6736,home_team,6766,16.601985503073404,32.21623188405797,right,peter abrahamsson,50935,105,68,5420815,2023
1720110334,6736,home_team,6766,61.60677399566846,53.99594202898551,right,amor layouni,53649,105,68,5420815,2023
1720110334,6766,away_team,6766,61.281438175240055,46.6736231884058,left,tashreeq matthews,530443,105,68,5420815,2023
1720110334,6766,away_team,6766,46.463870353910295,32.64,left,joeri kamps,51,105,68,5420815,2023
1720110334,6766,away_team,6766,31.666019855030736,29.368115942028982,left,henrik castegren,329511,105,68,5420815,2023
1720110334,6766,away_team,6766,39.83885001064109,22.09507246376812,left,daniel stensson,332628,105,68,5420815,2023
1720110334,6766,away_team,6766,57.55486423215113,25.820289855072463,left,melker heier,678625,105,68,5420815,2023
1720110334,6766,away_team,6766,60.01952953842687,28.95420289855073,left,joakim persson,640395,105,68,5420815,2023
1720110334,6766,away_team,6766,30.11821004268957,44.21971014492753,left,malcolm jeng,899799,105,68,5420815,2023
1720110334,6766,away_team,6766,45.28083100689794,65.12231884057971,left,dennis widgren,51631,105,68,5420815,2023
1720110334,6766,away_team,6766,30.413969879442668,4.553043478260871,left,tobias carlsson,338997,105,68,5420815,2023
1720110334,6766,away_team,6766,9.622053355700508,34.96579710144928,left,david nilsson,53133,105,68,5420815,2023
1720110334,6766,away_team,6766,60.15755079557832,0.0,left,jakob persson,569305,105,68,5420815,2023
1720110348,6736,home_team,6766,38.75439727587976,29.52579710144928,right,samuel gustafson,252473,105,68,5420815,2023
1720110348,6736,home_team,6766,51.36362498278647,25.66260869565217,right,srdjan hrstic,676584,105,68,5420815,2023
1720110348,6736,home_team,6766,44.69916999461686,24.11536231884057,right,abdulrazaq ishaq,553319,105,68,5420815,2023
1720110348,6736,home_team,6766,45.29068966812304,32.80753623188406,right,akoua amane,806885,105,68,5420815,2023
1720110348,6736,home_team,6766,28.91545337322701,24.07594202898551,right,franklin uchenna,777804,105,68,5420815,2023
1720110348,6736,home_team,6766,31.32096671215213,29.78202898550725,right,even hovland,54538,105,68,5420815,2023
1720110348,6736,home_team,6766,39.65153544736414,16.467826086956524,right,ibrahim sadiq,541608,105,68,5420815,2023
1720110348,6736,home_team,6766,30.975913569273533,13.95478260869565,right,simon sandberg,169221,105,68,5420815,2023
1720110348,6736,home_team,6766,30.26608996106611,47.00869565217392,right,valgeir fridriksson,516113,105,68,5420815,2023
1720110348,6736,home_team,6766,9.503749420999265,30.24521739130435,right,peter abrahamsson,50935,105,68,5420815,2023
1720110348,6736,home_team,6766,48.475037243831295,49.91594202898551,right,amor layouni,53649,105,68,5420815,2023
1720110348,6766,away_team,6766,73.50617809436773,64.34376811594203,left,tashreeq matthews,530443,105,68,5420815,2023
1720110348,6766,away_team,6766,59.54631379962193,35.1136231884058,left,joeri kamps,51,105,68,5420815,2023
1720110348,6766,away_team,6766,42.65842712102055,31.44753623188405,left,henrik castegren,329511,105,68,5420815,2023
1720110348,6766,away_team,6766,54.07475681968978,35.42898550724638,left,daniel stensson,332628,105,68,5420815,2023
1720110348,6766,away_team,6766,65.36292392243267,25.948405797101447,left,melker heier,678625,105,68,5420815,2023
1720110348,6766,away_team,6766,74.28501233115087,40.96753623188406,left,joakim persson,640395,105,68,5420815,2023
1720110348,6766,away_team,6766,50.09185768474819,50.635362318840585,left,malcolm jeng,899799,105,68,5420815,2023
1720110348,6766,away_team,6766,62.503912167152826,52.94144927536232,left,dennis widgren,51631,105,68,5420815,2023
1720110348,6766,away_team,6766,49.283447464289736,11.402318840579712,left,tobias carlsson,338997,105,68,5420815,2023
1720110348,6766,away_team,6766,17.09491856432854,37.33101449275362,left,david nilsson,53133,105,68,5420815,2023
1720110348,6766,away_team,6766,68.34023961241378,4.316521739130434,left,jakob persson,569305,105,68,5420815,2023
1720110351,6736,home_team,6766,14.945730417256105,21.444637681159424,right,samuel gustafson,252473,105,68,5420815,2023
1720110351,6736,home_team,6766,44.40341015786376,22.34144927536232,right,srdjan hrstic,676584,105,68,5420815,2023
1720110351,6736,home_team,6766,17.745590205185344,11.343188405797106,right,abdulrazaq ishaq,553319,105,68,5420815,2023
1720110351,6736,home_team,6766,20.9102204584434,30.71826086956522,right,akoua amane,806885,105,68,5420815,2023
1720110351,6736,home_team,6766,10.52905018840997,26.657971014492755,right,franklin uchenna,777804,105,68,5420815,2023
1720110351,6736,home_team,6766,9.622053355700496,33.12289855072464,right,even hovland,54538,105,68,5420815,2023
1720110351,6736,home_team,6766,23.118560572866464,7.48985507246377,right,ibrahim sadiq,541608,105,68,5420815,2023
1720110351,6736,home_team,6766,14.65982924172812,9.845217391304343,right,simon sandberg,169221,105,68,5420815,2023
1720110351,6736,home_team,6766,12.412054482404642,37.72521739130435,right,valgeir fridriksson,516113,105,68,5420815,2023
1720110351,6736,home_team,6766,4.081485747192629,29.969275362318843,right,peter abrahamsson,50935,105,68,5420815,2023
1720110351,6736,home_team,6766,32.287115512212225,44.801159420289856,right,amor layouni,53649,105,68,5420815,2023
1720110351,6766,away_team,6766,85.72105935227032,59.26840579710145,left,tashreeq matthews,530443,105,68,5420815,2023
1720110351,6766,away_team,6766,71.45557655954632,49.59072463768116,left,joeri kamps,51,105,68,5420815,2023
1720110351,6766,away_team,6766,59.07309806081699,43.04695652173913,left,henrik castegren,329511,105,68,5420815,2023
1720110351,6766,away_team,6766,69.70073486147798,36.41449275362319,left,daniel stensson,332628,105,68,5420815,2023
1720110351,6766,away_team,6766,90.82784586687364,48.37855072463768,left,melker heier,678625,105,68,5420815,2023
1720110351,6766,away_team,6766,93.6474229772531,34.39420289855072,left,joakim persson,640395,105,68,5420815,2023
1720110351,6766,away_team,6766,60.18712677925362,49.91594202898551,left,malcolm jeng,899799,105,68,5420815,2023
1720110351,6766,away_team,6766,88.94484157287899,61.87014492753624,left,dennis widgren,51631,105,68,5420815,2023
1720110351,6766,away_team,6766,63.834831432541726,22.627246376811595,left,tobias carlsson,338997,105,68,5420815,2023
1720110351,6766,away_team,6766,23.325592458593626,36.70028985507247,left,david nilsson,53133,105,68,5420815,2023
1720110351,6766,away_team,6766,84.3408467807559,16.655072463768114,left,jakob persson,569305,105,68,5420815,2023
1625749248,6754,home_team,6721,13.234362294199029,29.202814726578875,right,jesper gustavsson,277728,107,65,5420697,2023
1625749248,6754,home_team,6721,11.555810478292557,17.921531775968944,right,noah eile,578850,107,65,5420697,2023
1625749248,6754,home_team,6721,7.616550147321288,31.90583460172501,right,colin rosler,447222,107,65,5420697,2023
1625749248,6754,home_team,6721,14.04938167302067,38.48488297708072,right,otto rosengren,730438,107,65,5420697,2023
1625749248,6754,home_team,6721,17.949831557381376,30.44722387664615,right,herman johansson,581623,107,65,5420697,2023
1625749248,6754,home_team,6721,6.4716419723099365,37.10787285200626,right,noah persson,730440,107,65,5420697,2023
1625749248,6754,home_team,6721,2.318924184980621,29.998420576621893,right,noel tornqvist,674010,107,65,5420697,2023
1625749248,6754,home_team,6721,44.33123264090569,48.848159177641016,right,max fenger,449617,107,65,5420697,2023
1625749248,6754,home_team,6721,11.720754876387412,26.81599717644982,right,mamudu moro,338960,107,65,5420697,2023
1625749248,6754,home_team,6721,8.994321001995969,34.39465290185957,right,arvid brorsson,482036,107,65,5420697,2023
1625749248,6754,home_team,6721,8.945807943732778,23.55197317627336,right,imam jagne,619316,107,65,5420697,2023
1625749248,6721,away_team,6721,79.00836668743598,43.625720777358666,left,michael baidoo,509754,107,65,5420697,2023
1625749248,6721,away_team,6721,92.1942159233718,17.44212825094302,left,jacob ondrejka,607268,107,65,5420697,2023
1625749248,6721,away_team,6721,89.44837682567508,51.11257582776344,left,andre romer,212662,107,65,5420697,2023
1625749248,6721,away_team,6721,96.46336505053276,51.86738137780425,left,gustaf lagerbielke,526218,107,65,5420697,2023
1625749248,6721,away_team,6721,57.061059129167504,27.407601526481816,left,sebastian holmen,166598,107,65,5420697,2023
1625749248,6721,away_team,6721,90.19547792292826,27.29540070147575,left,noah soderberg,587164,107,65,5420697,2023
1625749248,6721,away_team,6721,94.309385263647,32.60963977676307,left,johan larsson,51149,107,65,5420697,2023
1625749248,6721,away_team,6721,58.497045653758015,21.97096155118788,left,niklas hult,51146,107,65,5420697,2023
1625749248,6721,away_team,6721,23.839316830533008,37.19967352701123,left,hakon valdimarsson,504579,107,65,5420697,2023
1625749248,6721,away_team,6721,79.10539280396236,22.60336620122207,left,ahmed qasem,676013,107,65,5420697,2023
1625749248,6721,away_team,6721,97.4724366624072,31.92623475172612,left,buhari ibrahim,831111,107,65,5420697,2023
1625748883,6754,home_team,6754,42.57505993177811,5.395839675291736,right,jesper gustavsson,277728,107,65,5420697,2023
1625748883,6754,home_team,6754,30.320661414495586,18.309134625989905,right,noah eile,578850,107,65,5420697,2023
1625748883,6754,home_team,6754,25.052143287112823,31.916034676725555,right,colin rosler,447222,107,65,5420697,2023
1625748883,6754,home_team,6754,43.72967071844209,23.56217325127391,right,otto rosengren,730438,107,65,5420697,2023
1625748883,6754,home_team,6754,60.06886874148547,0.1122008250060579,right,herman johansson,581623,107,65,5420697,2023
1625748883,6754,home_team,6754,42.63327560169394,46.06353870249047,right,noah persson,730440,107,65,5420697,2023
1625748883,6754,home_team,6754,12.68131342999863,29.47821675159376,right,noel tornqvist,674010,107,65,5420697,2023
1625748883,6754,home_team,6754,64.39623353856229,20.53275097611013,right,max fenger,449617,107,65,5420697,2023
1625748883,6754,home_team,6754,63.59091677139328,23.72537445128273,right,mamudu moro,338960,107,65,5420697,2023
1625748883,6754,home_team,6754,65.25976597564711,15.330712725828867,right,arvid brorsson,482036,107,65,5420697,2023
1625748883,6754,home_team,6754,57.56559493510471,25.23498555136436,right,imam jagne,619316,107,65,5420697,2023
1625748883,6721,away_team,6754,60.60251238238059,58.864632828182565,left,michael baidoo,509754,107,65,5420697,2023
1625748883,6721,away_team,6754,64.81344583962573,28.12160677652041,left,jacob ondrejka,607268,107,65,5420697,2023
1625748883,6721,away_team,6754,48.163764243697926,54.90700372796859,left,andre romer,212662,107,65,5420697,2023
1625748883,6721,away_team,6754,37.471486202490205,49.337762777667486,left,gustaf lagerbielke,526218,107,65,5420697,2023
1625748883,6721,away_team,6754,37.16100262960577,40.47389760218826,left,sebastian holmen,166598,107,65,5420697,2023
1625748883,6721,away_team,6754,48.28989819518223,42.05490922727373,left,noah soderberg,587164,107,65,5420697,2023
1625748883,6721,away_team,6754,41.061452513966486,29.600617651600384,left,johan larsson,51149,107,65,5420697,2023
1625748883,6721,away_team,6754,40.17851485357636,60.333443628261975,left,niklas hult,51146,107,65,5420697,2023
1625748883,6721,away_team,6754,13.370198857335971,40.22909580217502,left,hakon valdimarsson,504579,107,65,5420697,2023
1625748883,6721,away_team,6754,51.86045928335323,36.28166677696159,left,ahmed qasem,676013,107,65,5420697,2023
1625748883,6721,away_team,6754,65.76430178158431,46.78774402752961,left,buhari ibrahim,831111,107,65,5420697,2023
1625749257,6754,home_team,6721,30.95133117191708,16.04471797586747,right,jesper gustavsson,277728,107,65,5420697,2023
1625749257,6754,home_team,6721,18.36704385844484,15.35111287582996,right,noah eile,578850,107,65,5420697,2023
1625749257,6754,home_team,6721,19.94856955782493,22.654366576224824,right,colin rosler,447222,107,65,5420697,2023
1625749257,6754,home_team,6721,36.15193101773136,24.174177751307,right,otto rosengren,730438,107,65,5420697,2023
1625749257,6754,home_team,6721,26.701587268061378,8.710864050470965,right,herman johansson,581623,107,65,5420697,2023
1625749257,6754,home_team,6721,25.013332840502265,28.978413076566746,right,noah persson,730440,107,65,5420697,2023
1625749257,6754,home_team,6721,6.035024447941203,30.11062140162796,right,noel tornqvist,674010,107,65,5420697,2023
1625749257,6754,home_team,6721,53.26733797298582,27.71360377649836,right,max fenger,449617,107,65,5420697,2023
1625749257,6754,home_team,6721,42.8758408930099,10.638678225575186,right,mamudu moro,338960,107,65,5420697,2023
1625749257,6754,home_team,6721,32.14475240519162,9.251468025500191,right,arvid brorsson,482036,107,65,5420697,2023
1625749257,6754,home_team,6721,36.06460751285761,10.536677475569672,right,imam jagne,619316,107,65,5420697,2023
1625749257,6721,away_team,6721,81.36610131902715,42.656713652306266,left,michael baidoo,509754,107,65,5420697,2023
1625749257,6721,away_team,6721,82.71476433874392,65.0152780535151,left,jacob ondrejka,607268,107,65,5420697,2023
1625749257,6721,away_team,6721,67.36523270426967,53.44839300288975,left,andre romer,212662,107,65,5420697,2023
1625749257,6721,away_team,6721,52.161240244585024,36.80187060198972,left,gustaf lagerbielke,526218,107,65,5420697,2023
1625749257,6721,away_team,6721,50.278933583973135,45.09453157743807,left,sebastian holmen,166598,107,65,5420697,2023
1625749257,6721,away_team,6721,63.06697574215078,49.143961352657,left,noah soderberg,587164,107,65,5420697,2023
1625749257,6721,away_team,6721,52.99566484671193,55.784210178016,left,johan larsson,51149,107,65,5420697,2023
1625749257,6721,away_team,6721,66.7442655585008,58.16082765314451,left,niklas hult,51146,107,65,5420697,2023
1625749257,6721,away_team,6721,18.454367363318585,44.400926477400574,left,hakon valdimarsson,504579,107,65,5420697,2023
1625749257,6721,away_team,6721,73.72044333674795,37.98507930205369,left,ahmed qasem,676013,107,65,5420697,2023
1625749257,6721,away_team,6721,76.81557645393967,53.57079390289635,left,buhari ibrahim,831111,107,65,5420697,2023
1625749261,6754,home_team,6721,21.20990907266794,6.864650475371146,right,jesper gustavsson,277728,107,65,5420697,2023
1625749261,6754,home_team,6721,10.178039623617876,10.7610791255818,right,noah eile,578850,107,65,5420697,2023
1625749261,6754,home_team,6721,13.952355556494284,20.58375135111288,right,colin rosler,447222,107,65,5420697,2023
1625749261,6754,home_team,6721,33.78449377448755,22.664566651225385,right,otto rosengren,730438,107,65,5420697,2023
1625749261,6754,home_team,6721,13.399306692293887,3.029422275163792,right,herman johansson,581623,107,65,5420697,2023
1625749261,6754,home_team,6721,17.309459188307233,31.630432576710128,right,noah persson,730440,107,65,5420697,2023
1625749261,6754,home_team,6721,4.589335311698054,30.396223501643405,right,noel tornqvist,674010,107,65,5420697,2023
1625749261,6754,home_team,6721,46.514320262749365,10.597877925572984,right,max fenger,449617,107,65,5420697,2023
1625749261,6754,home_team,6721,33.6971702696138,14.47390642578254,right,mamudu moro,338960,107,65,5420697,2023
1625749261,6754,home_team,6721,21.05466728622572,3.661826925197982,right,arvid brorsson,482036,107,65,5420697,2023
1625749261,6754,home_team,6721,29.94225956004267,8.598663225464893,right,imam jagne,619316,107,65,5420697,2023
1625749261,6721,away_team,6721,81.92885279488019,61.43505172832153,left,michael baidoo,509754,107,65,5420697,2023
1625749261,6721,away_team,6721,89.57451077715939,66.49428892859505,left,jacob ondrejka,607268,107,65,5420697,2023
1625749261,6721,away_team,6721,71.69259750134648,59.446037103214,left,andre romer,212662,107,65,5420697,2023
1625749261,6721,away_team,6721,57.61410799336791,58.37502922815609,left,gustaf lagerbielke,526218,107,65,5420697,2023
1625749261,6721,away_team,6721,53.956223400323154,48.3891558026162,left,sebastian holmen,166598,107,65,5420697,2023
1625749261,6721,away_team,6721,67.56898754897509,47.57314980257208,left,noah soderberg,587164,107,65,5420697,2023
1625749261,6721,away_team,6721,58.82693444994772,39.40288972713035,left,johan larsson,51149,107,65,5420697,2023
1625749261,6721,away_team,6721,81.95796062983811,66.6166898286017,left,niklas hult,51146,107,65,5420697,2023
1625749261,6721,away_team,6721,18.2312072953079,42.20791035228202,left,hakon valdimarsson,504579,107,65,5420697,2023
1625749261,6721,away_team,6721,78.62026222133044,30.63082522665608,left,ahmed qasem,676013,107,65,5420697,2023
1625749261,6721,away_team,6721,93.37793454499372,58.23222817814837,left,buhari ibrahim,831111,107,65,5420697,2023
1625749262,6754,home_team,6721,21.064369897878365,5.712042000308824,right,jesper gustavsson,277728,107,65,5420697,2023
1625749262,6754,home_team,6721,12.089454119187677,9.44526945051067,right,noah eile,578850,107,65,5420697,2023
1625749262,6754,home_team,6721,14.26283912937872,20.56335120111178,right,colin rosler,447222,107,65,5420697,2023
1625749262,6754,home_team,6721,33.842709444403376,22.664566651225385,right,otto rosengren,730438,107,65,5420697,2023
1625749262,6754,home_team,6721,14.136705177894411,3.75362760020294,right,herman johansson,581623,107,65,5420697,2023
1625749262,6754,home_team,6721,17.319161799959872,31.61003242670902,right,noah persson,730440,107,65,5420697,2023
1625749262,6754,home_team,6721,4.472903971866385,30.406423576643945,right,noel tornqvist,674010,107,65,5420697,2023
1625749262,6754,home_team,6721,46.70837249580214,10.047073875543203,right,max fenger,449617,107,65,5420697,2023
1625749262,6754,home_team,6721,33.70687288126644,14.47390642578254,right,mamudu moro,338960,107,65,5420697,2023
1625749262,6754,home_team,6721,22.45184336420568,2.9988220501621345,right,arvid brorsson,482036,107,65,5420697,2023
1625749262,6754,home_team,6721,30.2527431329271,8.598663225464893,right,imam jagne,619316,107,65,5420697,2023
1625749262,6721,away_team,6721,82.05498674636449,61.098449253303336,left,michael baidoo,509754,107,65,5420697,2023
1625749262,6721,away_team,6721,88.48781827206388,65.26007985352834,left,jacob ondrejka,607268,107,65,5420697,2023
1625749262,6721,away_team,6721,71.62467921977802,59.47663732821565,left,andre romer,212662,107,65,5420697,2023
1625749262,6721,away_team,6721,57.361840090399305,58.54843050316547,left,gustaf lagerbielke,526218,107,65,5420697,2023
1625749262,6721,away_team,6721,53.9659260119758,48.35855557761455,left,sebastian holmen,166598,107,65,5420697,2023
1625749262,6721,away_team,6721,67.598095383933,47.57314980257208,left,noah soderberg,587164,107,65,5420697,2023
1625749262,6721,away_team,6721,58.82693444994772,39.37228950212869,left,johan larsson,51149,107,65,5420697,2023
1625749262,6721,away_team,6721,82.82149306692294,66.55548937859838,left,niklas hult,51146,107,65,5420697,2023
1625749262,6721,away_team,6721,18.25061251861318,42.1671100522798,left,hakon valdimarsson,504579,107,65,5420697,2023
1625749262,6721,away_team,6721,78.6396674446357,30.01882072662299,left,ahmed qasem,676013,107,65,5420697,2023
1625749262,6721,away_team,6721,90.981389466792,59.57863807822116,left,buhari ibrahim,831111,107,65,5420697,2023
1625749288,6754,home_team,6721,36.41390153235261,34.415053051860674,right,jesper gustavsson,277728,107,65,5420697,2023
1625749288,6754,home_team,6721,20.44340275210949,33.14004367679174,right,noah eile,578850,107,65,5420697,2023
1625749288,6754,home_team,6721,17.154217401865015,39.504890477135866,right,colin rosler,447222,107,65,5420697,2023
1625749288,6754,home_team,6721,17.65875320780222,28.754011426554605,right,otto rosengren,730438,107,65,5420697,2023
1625749288,6754,home_team,6721,45.029820679895664,5.202038250281256,right,herman johansson,581623,107,65,5420697,2023
1625749288,6754,home_team,6721,41.4689622033773,52.91798910286106,right,noah persson,730440,107,65,5420697,2023
1625749288,6754,home_team,6721,5.5887043119198285,33.507246376811594,right,noel tornqvist,674010,107,65,5420697,2023
1625749288,6754,home_team,6721,55.159347245250345,38.89288597710277,right,max fenger,449617,107,65,5420697,2023
1625749288,6754,home_team,6721,56.52741548827239,29.978020426620787,right,mamudu moro,338960,107,65,5420697,2023
1625749288,6754,home_team,6721,20.34637663558312,32.905441951779046,right,arvid brorsson,482036,107,65,5420697,2023
1625749288,6754,home_team,6721,25.96418878246085,30.0800211766263,right,imam jagne,619316,107,65,5420697,2023
1625749288,6721,away_team,6721,80.39584015376329,21.471157876160856,left,michael baidoo,509754,107,65,5420697,2023
1625749288,6721,away_team,6721,84.25747959151344,51.97958220281031,left,jacob ondrejka,607268,107,65,5420697,2023
1625749288,6721,away_team,6721,82.42368598916475,33.25224450179781,left,andre romer,212662,107,65,5420697,2023
1625749288,6721,away_team,6721,49.34748286531983,40.49429775218936,left,gustaf lagerbielke,526218,107,65,5420697,2023
1625749288,6721,away_team,6721,48.29960080683487,32.23223700174266,left,sebastian holmen,166598,107,65,5420697,2023
1625749288,6721,away_team,6721,61.44663959616015,32.90544195177905,left,noah soderberg,587164,107,65,5420697,2023
1625749288,6721,away_team,6721,49.40569853523567,21.10395517614101,left,johan larsson,51149,107,65,5420697,2023
1625749288,6721,away_team,6721,56.11020318720893,53.87679615291289,left,niklas hult,51146,107,65,5420697,2023
1625749288,6721,away_team,6721,16.737005100801557,35.6084618269252,left,hakon valdimarsson,504579,107,65,5420697,2023
1625749288,6721,away_team,6721,77.59178538615075,21.72615975117464,left,ahmed qasem,676013,107,65,5420697,2023
1625749288,6721,away_team,6721,87.43023360192628,42.68731387730792,left,buhari ibrahim,831111,107,65,5420697,2023
1625749300,6754,home_team,6721,43.57442893199988,5.712042000308824,right,jesper gustavsson,277728,107,65,5420697,2023
1625749300,6754,home_team,6721,67.94738940342799,28.11140670151987,right,noah eile,578850,107,65,5420697,2023
1625749300,6754,home_team,6721,62.18403808176068,22.60336620122208,right,colin rosler,447222,107,65,5420697,2023
1625749300,6754,home_team,6721,44.90368672841136,19.349542276046144,right,otto rosengren,730438,107,65,5420697,2023
1625749300,6754,home_team,6721,43.09900096102058,30.7328259766616,right,noah persson,730440,107,65,5420697,2023
1625749300,6754,home_team,6721,12.68131342999863,30.30442282663844,right,noel tornqvist,674010,107,65,5420697,2023
1625749300,6754,home_team,6721,69.83939867569252,33.435845851807734,right,max fenger,449617,107,65,5420697,2023
1625749300,6754,home_team,6721,65.6866808883632,22.1545629011978,right,mamudu moro,338960,107,65,5420697,2023
1625749300,6754,home_team,6721,50.172204855794114,10.781479275582909,right,arvid brorsson,482036,107,65,5420697,2023
1625749300,6754,home_team,6721,56.15871624547212,25.540987801380894,right,imam jagne,619316,107,65,5420697,2023
1625749300,6721,away_team,6721,59.108310187874245,60.537445128273006,left,jacob ondrejka,607268,107,65,5420697,2023
1625749300,6721,away_team,6721,43.82669683496849,49.61316480268238,left,andre romer,212662,107,65,5420697,2023
1625749300,6721,away_team,6721,42.69149127160976,50.54137162773255,left,gustaf lagerbielke,526218,107,65,5420697,2023
1625749300,6721,away_team,6721,37.19011046456367,37.63827675203494,left,sebastian holmen,166598,107,65,5420697,2023
1625749300,6721,away_team,6721,45.17535985468524,45.15573202744138,left,noah soderberg,587164,107,65,5420697,2023
1625749300,6721,away_team,6721,39.22765891161779,26.540595151434943,left,johan larsson,51149,107,65,5420697,2023
1625749300,6721,away_team,6721,44.37974569916888,61.26165045331216,left,niklas hult,51146,107,65,5420697,2023
1625749300,6721,away_team,6721,9.02342883695389,37.883078552048175,left,hakon valdimarsson,504579,107,65,5420697,2023
1625749300,6721,away_team,6721,58.29329080905261,35.741062801932365,left,ahmed qasem,676013,107,65,5420697,2023
1625749300,6721,away_team,6721,43.23483752415753,39.45389010213312,left,buhari ibrahim,831111,107,65,5420697,2023
1625749300,6721,away_team,6721,55.89674573085087,64.97447775351289,left,jack cooper-love,587166,107,65,5420697,2023
1625749310,6754,home_team,6721,16.601168537664616,9.59827057551893,right,jesper gustavsson,277728,107,65,5420697,2023
1625749310,6754,home_team,6721,5.937998331414817,32.150636401738254,right,noah eile,578850,107,65,5420697,2023
1625749310,6754,home_team,6721,12.16707501240879,27.88700505150773,right,colin rosler,447222,107,65,5420697,2023
1625749310,6754,home_team,6721,0.5530488642003994,2.0706152251119567,right,herman johansson,581623,107,65,5420697,2023
1625749310,6754,home_team,6721,6.89855688502603,35.42486047691527,right,noah persson,730440,107,65,5420697,2023
1625749310,6754,home_team,6721,1.892009272264526,30.651225376657184,right,noel tornqvist,674010,107,65,5420697,2023
1625749310,6754,home_team,6721,45.76721916549619,14.657507775792476,right,max fenger,449617,107,65,5420697,2023
1625749310,6754,home_team,6721,10.129526565354684,33.854048926830345,right,mamudu moro,338960,107,65,5420697,2023
1625749310,6754,home_team,6721,6.287292350909805,25.78578960139413,right,arvid brorsson,482036,107,65,5420697,2023
1625749310,6754,home_team,6721,12.53577425520905,36.28166677696159,right,imam jagne,619316,107,65,5420697,2023
1625749310,6721,away_team,6721,100.51905672133572,64.14827167846823,left,jacob ondrejka,607268,107,65,5420697,2023
1625749310,6721,away_team,6721,81.60866661034312,59.660238678225575,left,andre romer,212662,107,65,5420697,2023
1625749310,6721,away_team,6721,92.92191179731972,42.05490922727373,left,gustaf lagerbielke,526218,107,65,5420697,2023
1625749310,6721,away_team,6721,54.14057302172329,41.10630225222245,left,sebastian holmen,166598,107,65,5420697,2023
1625749310,6721,away_team,6721,68.09292857821758,43.5339201023537,left,noah soderberg,587164,107,65,5420697,2023
1625749310,6721,away_team,6721,76.8737921238555,30.314622901638984,left,johan larsson,51149,107,65,5420697,2023
1625749310,6721,away_team,6721,59.58373815885354,53.89719630291399,left,niklas hult,51146,107,65,5420697,2023
1625749310,6721,away_team,6721,18.172991625392072,43.60532062735756,left,hakon valdimarsson,504579,107,65,5420697,2023
1625749310,6721,away_team,6721,103.64329767348534,65.54568195354378,left,ahmed qasem,676013,107,65,5420697,2023
1625749310,6721,away_team,6721,94.79451584627894,32.97684247678291,left,buhari ibrahim,831111,107,65,5420697,2023
1625749310,6721,away_team,6721,89.56480816550675,30.926627401672068,left,jack cooper-love,587166,107,65,5420697,2023
1625748978,6754,home_team,6754,55.1981576918609,44.9619306024309,right,jesper gustavsson,277728,107,65,5420697,2023
1625748978,6754,home_team,6754,81.34669609572187,25.06158427635497,right,noah eile,578850,107,65,5420697,2023
1625748978,6754,home_team,6754,81.47283004720619,38.87248582710168,right,colin rosler,447222,107,65,5420697,2023
1625748978,6754,home_team,6754,63.746158557835486,36.20006617695719,right,otto rosengren,730438,107,65,5420697,2023
1625748978,6754,home_team,6754,80.95859162961632,35.97566452694505,right,herman johansson,581623,107,65,5420697,2023
1625748978,6754,home_team,6754,80.15327486244733,59.0890344781947,right,noah persson,730440,107,65,5420697,2023
1625748978,6754,home_team,6754,22.93697394683761,34.5782542518695,right,noel tornqvist,674010,107,65,5420697,2023
1625748978,6754,home_team,6754,65.12392941251017,57.610023603114726,right,max fenger,449617,107,65,5420697,2023
1625748978,6754,home_team,6754,81.82212406670116,43.75832175236583,right,mamudu moro,338960,107,65,5420697,2023
1625748978,6754,home_team,6754,81.58926138703782,47.47114905256656,right,arvid brorsson,482036,107,65,5420697,2023
1625748978,6754,home_team,6754,79.45468682345735,33.884649151832,right,imam jagne,619316,107,65,5420697,2023
1625748978,6721,away_team,6754,30.67965804564319,40.841100302208105,left,jacob ondrejka,607268,107,65,5420697,2023
1625748978,6721,away_team,6754,23.024297451711355,31.854834226722264,left,andre romer,212662,107,65,5420697,2023
1625748978,6721,away_team,6754,27.76887454985164,33.25224450179781,left,gustaf lagerbielke,526218,107,65,5420697,2023
1625748978,6721,away_team,6754,28.40924691892577,26.377393951426114,left,noah soderberg,587164,107,65,5420697,2023
1625748978,6721,away_team,6754,21.29723257754168,19.543343701056628,left,johan larsson,51149,107,65,5420697,2023
1625748978,6721,away_team,6754,22.005523228184305,39.86189310215516,left,niklas hult,51146,107,65,5420697,2023
1625748978,6721,away_team,6754,5.724540875056766,33.150243751792296,left,hakon valdimarsson,504579,107,65,5420697,2023
1625748978,6721,away_team,6754,33.05679790053965,14.820708975801294,left,ahmed qasem,676013,107,65,5420697,2023
1625748978,6721,away_team,6754,45.33060164112746,23.21537070125516,left,buhari ibrahim,831111,107,65,5420697,2023
1625748978,6721,away_team,6754,38.03423767834325,29.702618401605896,left,jack cooper-love,587166,107,65,5420697,2023
1625748995,6754,home_team,6754,40.683050659513576,36.393867601967656,right,jesper gustavsson,277728,107,65,5420697,2023
1625748995,6754,home_team,6754,24.17890823837536,23.011369201244133,right,noah eile,578850,107,65,5420697,2023
1625748995,6754,home_team,6754,60.64132282899115,18.77833807601527,right,colin rosler,447222,107,65,5420697,2023
1625748995,6754,home_team,6754,57.895483731294426,38.0054794520548,right,otto rosengren,730438,107,65,5420697,2023
1625748995,6754,home_team,6754,50.841685059826176,5.793642600313238,right,herman johansson,581623,107,65,5420697,2023
1625748995,6754,home_team,6754,41.52717787329314,59.10943462819579,right,noah persson,730440,107,65,5420697,2023
1625748995,6754,home_team,6754,11.400568691850332,19.76774535106876,right,noel tornqvist,674010,107,65,5420697,2023
1625748995,6754,home_team,6754,56.08109535225101,44.339726027397255,right,max fenger,449617,107,65,5420697,2023
1625748995,6754,home_team,6754,59.49641465397978,38.556283502084575,right,mamudu moro,338960,107,65,5420697,2023
1625748995,6754,home_team,6754,54.02414168189162,25.84699005139744,right,arvid brorsson,482036,107,65,5420697,2023
1625748995,6754,home_team,6754,58.00221245947344,32.732040676769685,right,imam jagne,619316,107,65,5420697,2023
1625748995,6721,away_team,6754,68.76240878224964,52.24478415282465,left,jacob ondrejka,607268,107,65,5420697,2023
1625748995,6721,away_team,6754,50.00726045769925,46.15533937749542,left,andre romer,212662,107,65,5420697,2023
1625748995,6721,away_team,6754,43.23483752415753,41.27970352723182,left,gustaf lagerbielke,526218,107,65,5420697,2023
1625748995,6721,away_team,6754,50.16250224414147,34.8944565768866,left,sebastian holmen,166598,107,65,5420697,2023
1625748995,6721,away_team,6754,73.65252505517948,40.95330112721417,left,noah soderberg,587164,107,65,5420697,2023
1625748995,6721,away_team,6754,44.63201360213748,23.90897580129265,left,johan larsson,51149,107,65,5420697,2023
1625748995,6721,away_team,6754,45.67989566062245,54.9478040279708,left,niklas hult,51146,107,65,5420697,2023
1625748995,6721,away_team,6754,14.485999197389404,35.108658151898176,left,hakon valdimarsson,504579,107,65,5420697,2023
1625748995,6721,away_team,6754,58.50674826541065,18.064332825976663,left,ahmed qasem,676013,107,65,5420697,2023
1625748995,6721,away_team,6754,63.35805409172995,25.285985926367104,left,buhari ibrahim,831111,107,65,5420697,2023
1625748995,6721,away_team,6754,43.23483752415753,32.222036926742106,left,jack cooper-love,587166,107,65,5420697,2023
